# https://github.com/mikedh/trimesh
mtllib material.mtl

o Chair_02 - Default_0
usemtl 02_-_Default
v -16.91361697 39.31002693 -5.00739261
v -16.60038734 37.89329700 -4.63924124
v -15.80609198 38.50204162 -3.70567361
v -16.11609013 39.87022189 -4.07002691
v -16.20826339 40.10940437 -4.17836184
v -16.34219609 40.19764499 -4.33577836
v -16.51788822 40.13494376 -4.54227648
v -16.93897990 39.59595279 -5.03720270
v -16.87556855 39.82277755 -4.96267276
v -16.72338354 39.99050025 -4.78380350
v -15.45794022 37.89329551 -5.61125862
v -15.77116918 39.31002449 -5.97940930
v -15.79653211 39.59595035 -6.00921939
v -15.73312081 39.82277511 -5.93468941
v -15.58093589 39.99049781 -5.75582007
v -15.23553745 38.06374382 -5.34985928
v -14.88604750 38.33159088 -4.93908917
v -14.66364474 38.50203918 -4.67768984
v -14.97364284 39.87021946 -5.04204318
v -15.06581606 40.10940193 -5.15037814
v -15.19974871 40.19764255 -5.30779470
v -15.37544070 40.13494133 -5.51429294
v -15.45794022 37.89329551 -5.61125862
v -16.60038734 37.89329700 -4.63924124
v -16.91361697 39.31002693 -5.00739261
v -15.77116918 39.31002449 -5.97940930
v -0.13765330 19.59220390 14.71009489
v -0.24042504 19.83554391 14.58930304
v -0.47037206 20.28794126 14.31903754
v -0.73561841 20.63980607 14.00728027
v -1.03616911 20.89113836 13.65403046
v -1.37202220 21.04193763 13.25928897
v -1.74317607 21.09220390 12.82305693
v -9.96210374 19.59220342 3.16300546
v -9.26938514 21.09220437 3.97718602
v -0.58655311 21.59172558 11.86770398
v -8.12693701 21.59220480 3.00517280
v -9.26938525 21.59220437 3.97718611
v -1.72899945 21.59172515 12.83971943
v -0.13765330 19.59220390 14.71009489
v -9.96210374 19.59220342 3.16300546
v -8.17610717 19.59220384 2.94738017
v 1.00479381 19.59220289 13.73807879
v -15.37544070 40.13494133 -5.51429294
v -15.58093589 39.99049781 -5.75582007
v -16.72338354 39.99050025 -4.78380350
v -16.51788822 40.13494376 -4.54227648
v 0.13379017 19.86521224 15.02913232
v 1.27623749 19.86521028 14.05711728
v 1.16546454 20.12661909 13.92692146
v 0.02301718 20.12661962 14.89893653
v -12.30527276 23.50874452 0.40897960
v -12.71694170 24.86804847 -0.07487095
v -13.39113742 23.37792186 -0.86728005
v -12.98613617 22.01506309 -0.39126780
v -11.16282421 23.50874542 -0.56303335
v -11.57449310 24.86804889 -1.04688457
v -12.71694170 24.86804847 -0.07487095
v -12.30527276 23.50874452 0.40897960
v -11.84368793 22.01506351 -1.36328111
v -12.24868755 23.37792228 -1.83929475
v -11.57449310 24.86804889 -1.04688457
v -11.16282421 23.50874542 -0.56303335
v -12.98613617 22.01506309 -0.39126780
v -13.39113742 23.37792186 -0.86728005
v -12.24868755 23.37792228 -1.83929475
v -11.84368793 22.01506351 -1.36328111
v -11.75468402 22.45150832 1.05611150
v -12.44073246 20.95506219 0.24976698
v -11.06517192 21.69633941 1.86652235
v -11.75492703 20.19791822 1.05582491
v -10.23673848 21.24323825 2.84021417
v -10.92871598 19.74363212 2.02690393
v -9.26938514 21.09220437 3.97718602
v -9.96210374 19.59220342 3.16300546
v -10.61223408 22.45150875 0.08409799
v -11.75468402 22.45150832 1.05611150
v -9.92272252 21.69633983 0.89450930
v -11.06517192 21.69633941 1.86652235
v -9.09429022 21.24323867 1.86820052
v -10.23673848 21.24323825 2.84021417
v -8.12693691 21.09220480 3.00517270
v -9.26938514 21.09220437 3.97718602
v -11.29828392 20.95506262 -0.72224597
v -10.61223408 22.45150875 0.08409799
v -10.61247708 20.19791864 0.08381139
v -9.92272252 21.69633983 0.89450930
v -9.78626725 19.74363254 1.05489082
v -9.09429022 21.24323867 1.86820052
v -8.17610717 19.59220384 2.94738017
v -8.12693691 21.09220480 3.00517270
v -12.44073246 20.95506219 0.24976698
v -11.29828392 20.95506262 -0.72224597
v -11.75492703 20.19791822 1.05582491
v -10.61247708 20.19791864 0.08381139
v -10.92871598 19.74363212 2.02690393
v -9.78626725 19.74363254 1.05489082
v -9.96210374 19.59220342 3.16300546
v -8.17610717 19.59220384 2.94738017
v -11.16197513 14.34949717 4.06752647
v -11.37704276 14.81110034 3.81474862
v -16.32427501 -0.00000157 -1.99994595
v -16.02701207 -0.00000157 -1.65056028
v -11.65230034 15.56067503 3.33690809
v -10.66217819 15.56067540 2.49449626
v -15.75729690 -0.00000118 -3.49401556
v -16.74741910 -0.00000155 -2.65160369
v -10.54895586 15.48582248 2.47325226
v -10.39772696 15.16123657 2.65099792
v -10.17075534 14.67408351 2.91776711
v -15.61633246 -0.00000115 -3.48265295
v -10.01952639 14.34949760 3.09551274
v -14.88456338 -0.00000115 -2.62257398
v -10.05863070 14.27464367 3.20387069
v -11.04875295 14.27464331 4.04628260
v -15.88604773 -0.00000155 -1.63919759
v -14.89592548 -0.00000118 -2.48160950
v -5.46347842 19.17424521 10.76521133
v -5.18622734 19.71965823 11.09107646
v -7.79261782 19.72094569 8.02767582
v -7.58077469 19.18110213 8.27666374
v -3.67469080 20.59556557 10.70718603
v -7.06954824 20.59556652 6.71706692
v -8.05967053 20.59556616 7.55947886
v -4.66481308 20.59556520 11.54959798
v -6.95981838 20.51002864 6.69171818
v -3.63852319 20.51688556 10.59537648
v -3.85978972 20.08160571 10.33531249
v -6.79977198 20.10218028 6.87982738
v -5.42731072 19.09556520 10.65340170
v -7.47104473 19.09556425 8.25131493
v -6.48092258 19.09556462 7.40890310
v -4.43718857 19.09556557 9.81098987
v -3.05473885 16.26154361 13.59630363
v -2.87431422 15.13646541 13.80836419
v -2.59612113 15.64285693 14.13533611
v -2.78046029 16.80557475 13.91867502
v -2.07180434 16.45651091 14.59726944
v -1.08168210 16.45651127 13.75485753
v -1.27347286 17.67970730 13.52943802
v -2.26359506 17.67970693 14.37184989
v -1.04704031 16.38304595 13.64125462
v -1.26361904 15.98805503 13.38670033
v -1.45532147 17.16794090 13.16138471
v -1.23710070 17.60078124 13.41786888
v -1.84955018 15.06300045 12.85234937
v -2.83967233 15.06300009 13.69476120
v -3.01836739 16.18261755 13.48473385
v -2.02824515 16.18261792 12.64232194
v -16.74741910 -0.00000155 -2.65160369
v -15.75729690 -0.00000118 -3.49401556
v -15.61633246 -0.00000115 -3.48265295
v -14.88456338 -0.00000115 -2.62257398
v -14.89592548 -0.00000118 -2.48160950
v -15.88604773 -0.00000155 -1.63919759
v -16.02701207 -0.00000157 -1.65056028
v -16.32427501 -0.00000157 -1.99994595
v -16.75878129 -0.00000157 -2.51063914
v 1.49860873 -0.00000118 16.78757794
v 0.50848649 -0.00000155 17.62998985
v 0.36752277 -0.00000157 17.61862789
v -0.11608014 -0.00000157 17.05022900
v -0.44693206 -0.00000157 16.66136479
v -0.43557005 -0.00000155 16.52040039
v 0.55455219 -0.00000118 15.67798848
v 0.69551663 -0.00000115 15.68935109
v 1.50997146 -0.00000115 16.64661419
v -10.02314974 17.48011908 5.40603698
v -10.22908411 18.01464496 5.16399386
v -10.62758097 17.05485091 4.69562327
v -10.42496521 16.52331862 4.93376590
v -9.49692648 18.88191105 3.86406643
v -9.89031297 17.91797997 3.40170247
v -10.88043521 17.91797960 4.24411437
v -10.48704863 18.88191069 4.70647826
v -9.78129364 17.83178691 3.37551861
v -9.38764729 18.79595546 3.83818800
v -9.23352154 18.39590434 4.01933841
v -9.63047321 17.43613128 3.55278414
v -9.91387045 17.39416349 5.38015847
v -10.31594597 16.43712557 4.90758211
v -9.32582368 16.43712593 4.06517017
v -8.92374825 17.39416386 4.53774660
v -9.53782063 18.22429881 5.97646507
v -9.74633848 18.76115069 5.73138511
v -8.96898065 18.75585589 6.64504655
v -9.17934555 19.29437003 6.39779605
v -8.31663186 19.07479129 7.41177973
v -8.52810528 19.61430201 7.16322634
v -9.01815668 19.63163544 4.42678501
v -10.00827887 19.63163507 5.26919688
v -8.45400367 20.16715218 5.08985797
v -9.44412591 20.16715181 5.93226988
v -7.80446761 20.48846318 5.85328514
v -8.79458990 20.48846281 6.69569709
v -8.90867849 19.54586295 4.40114046
v -8.75196939 19.14239864 4.58532719
v -8.34438520 20.08151035 5.06437831
v -8.18582429 19.67560939 5.25074154
v -7.69476540 20.40289859 5.82790390
v -7.53509088 19.99553756 6.01557601
v -9.42834251 18.13852632 5.95082026
v -8.43822027 18.13852669 5.10840835
v -8.85936227 18.67021406 6.61956696
v -7.86923999 18.67021443 5.77715501
v -8.20692956 18.98922670 7.38639841
v -7.21680741 18.98922707 6.54398658
v -4.74504002 19.05773673 11.60962224
v -4.46790821 19.60309634 11.93534718
v -2.95655335 20.47893120 11.55124321
v -3.94667564 20.47893083 12.39365515
v -2.92037771 20.40024165 11.43944310
v -3.14152219 19.96505908 11.17952256
v -4.70886428 18.97904718 11.49782205
v -3.71874213 18.97904755 10.65541022
v -4.14494659 18.70821223 12.31493720
v -3.86817136 19.25340495 12.64024303
v -3.66319894 18.12567267 12.88115563
v -3.38701804 18.67058883 13.20576257
v -3.29979671 17.31011615 13.30827724
v -3.02444780 17.85464511 13.63190667
v -2.35736285 20.12902809 12.25549701
v -3.34748509 20.12902773 13.09790892
v -1.87711926 19.54585720 12.81994740
v -2.86724145 19.54585684 13.66235927
v -1.51582261 18.72941662 13.24459441
v -2.50594490 18.72941625 14.08700636
v -2.32116249 20.05030898 12.14372595
v -2.54194112 19.61541919 11.88423542
v -1.84087811 19.46708850 12.70822428
v -2.06104678 19.03268604 12.44945065
v -1.47952460 18.65057926 13.13293812
v -1.69884045 18.21686057 12.87516685
v -4.10874693 18.62949312 12.20316549
v -3.11862465 18.62949349 11.36075354
v -3.62695832 18.04690397 12.76943171
v -2.63683608 18.04690434 11.92701980
v -3.26349880 17.23127878 13.19662103
v -2.27337646 17.23127915 12.35420904
v -11.07579904 17.84368829 4.47690459
v -11.03249174 17.92988140 4.37348651
v -11.80435686 15.57257778 3.46628022
v -11.84346121 15.49772386 3.57463821
v -4.93302845 20.52878694 11.69676235
v -4.81686961 20.60746700 11.67897011
v -8.21172705 20.60746796 7.68885100
v -8.25432364 20.52193002 7.79310405
v 0.35642997 0.01190025 17.75936198
v -2.03207015 15.24521667 14.95206112
v -2.15148579 15.17721204 14.96602550
v 0.21546606 0.01190022 17.74800018
v -8.94664642 20.50036461 6.82506922
v -8.98927066 20.41479997 6.92928977
v -10.68215259 18.80785684 4.93957391
v -10.63910534 18.89381248 4.83585055
v -10.20318384 19.55776433 5.50252641
v -10.16033540 19.64353687 5.39856901
v -9.63889059 20.09341172 6.16576429
v -9.59618243 20.17905361 6.06164201
v -4.21488297 20.41214303 12.54082897
v -4.09873216 20.49083263 12.52302729
v -2.65800142 18.74131805 14.21637849
v -2.77403004 18.66248063 14.23432414
v -2.53160605 17.61268262 14.51925483
v -2.41565176 17.69160873 14.50122217
v -3.01929798 19.55775864 13.79173140
v -3.13538346 19.47898988 13.80961023
v -3.49954162 20.14092953 13.22728105
v -3.61566788 20.06221036 13.24511194
v -9.78129364 17.83178691 3.37551861
v -10.54895586 15.48582248 2.47325226
v -3.63852319 20.51688556 10.59537648
v -6.95981838 20.51002864 6.69171818
v 1.50997146 -0.00000115 16.64661419
v -0.85698049 15.16531066 13.86463959
v -0.88989129 15.23331524 13.98027701
v 1.49860873 -0.00000118 16.78757794
v -7.69476540 20.40289859 5.82790390
v -9.38764729 18.79595546 3.83818800
v -8.90867849 19.54586295 4.40114046
v -8.34438520 20.08151035 5.06437831
v -2.92037771 20.40024165 11.43944310
v -1.47952460 18.65057926 13.13293812
v -1.23710070 17.60078124 13.41786888
v -1.84087811 19.46708850 12.70822428
v -2.32116249 20.05030898 12.14372595
v -10.01952639 14.34949760 3.09551274
v -9.28251647 16.52331905 3.96175216
v -4.32102964 19.17424564 9.79319755
v -6.43832591 19.18110256 7.30464997
v 0.55455219 -0.00000118 15.67798848
v -1.67085583 13.94338204 13.06237607
v -1.55144071 14.01138667 13.04841089
v 0.69551663 -0.00000115 15.68935109
v -7.17418308 19.07479171 6.43976596
v -8.88070091 17.48011951 4.43402317
v -8.39537176 18.22429923 5.00445121
v -7.82653192 18.75585632 5.67303281
v -1.91229015 16.26154403 12.62428994
v -2.15734789 17.31011657 12.33626343
v -3.60259123 19.05773715 10.63760846
v -3.00249785 18.70821266 11.34292346
v -2.52075007 18.12567310 11.90914178
v -10.77963750 17.06675271 4.82499540
v -11.07579904 17.84368829 4.47690459
v -11.84346121 15.49772386 3.57463821
v -11.52909928 14.82300214 3.94412075
v -5.33828386 19.73156003 11.22044859
v -4.93302845 20.52878694 11.69676235
v -8.25432364 20.52193002 7.79310405
v -7.94467434 19.73284749 8.15704795
v 0.21546606 0.01190022 17.74800018
v -2.15148579 15.17721204 14.96602550
v -2.56383867 14.49204091 14.48136948
v -0.26813685 0.01190022 17.17960128
v -10.38114063 18.02654675 5.29336599
v -10.68215259 18.80785684 4.93957391
v -9.89839519 18.77305249 5.86075739
v -10.20318384 19.55776433 5.50252641
v -9.33140207 19.30627183 6.52716818
v -9.63889059 20.09341172 6.16576429
v -8.98927066 20.41479997 6.92928977
v -8.68016180 19.62620381 7.29259848
v -4.61996473 19.61499814 12.06471931
v -4.21488297 20.41214303 12.54082897
v -4.02022788 19.26530675 12.76961516
v -3.61566788 20.06221036 13.24511194
v -3.13538346 19.47898988 13.80961023
v -3.53907474 18.68249063 13.33513485
v -2.77403004 18.66248063 14.23432414
v -3.17650433 17.86654691 13.76127880
v -2.53160605 17.61268262 14.51925483
v -2.93251682 16.81747655 14.04804715
v -16.75878129 -0.00000157 -2.51063914
v -16.32427501 -0.00000157 -1.99994595
v -16.47633172 0.01190022 -1.87057366
v -16.91083781 0.01190022 -2.38126700
v -11.37704276 14.81110034 3.81474862
v -11.52909928 14.82300214 3.94412075
v -16.47633172 0.01190022 -1.87057366
v -16.32427501 -0.00000157 -1.99994595
v -10.62758097 17.05485091 4.69562327
v -10.22908411 18.01464496 5.16399386
v -10.38114063 18.02654675 5.29336599
v -10.77963750 17.06675271 4.82499540
v -9.74633848 18.76115069 5.73138511
v -9.89839519 18.77305249 5.86075739
v -9.17934555 19.29437003 6.39779605
v -9.33140207 19.30627183 6.52716818
v -8.52810528 19.61430201 7.16322634
v -8.68016180 19.62620381 7.29259848
v -7.79261782 19.72094569 8.02767582
v -7.94467434 19.73284749 8.15704795
v -5.18622734 19.71965823 11.09107646
v -5.33828386 19.73156003 11.22044859
v -4.46790821 19.60309634 11.93534718
v -4.61996473 19.61499814 12.06471931
v -3.86817136 19.25340495 12.64024303
v -4.02022788 19.26530675 12.76961516
v -3.38701804 18.67058883 13.20576257
v -3.53907474 18.68249063 13.33513485
v -3.02444780 17.85464511 13.63190667
v -3.17650433 17.86654691 13.76127880
v -2.78046029 16.80557475 13.91867502
v -2.93251682 16.81747655 14.04804715
v -2.59612113 15.64285693 14.13533611
v -2.74817765 15.65475873 14.26470824
v 0.21546606 0.01190022 17.74800018
v -0.26813685 0.01190022 17.17960128
v 0.35642997 0.01190025 17.75936198
v -1.88001344 15.23331488 14.82268884
v 0.50848649 -0.00000155 17.62998985
v -16.74741910 -0.00000155 -2.65160369
v -16.89947562 0.01190025 -2.52223156
v -2.69388959 14.01138625 14.02042474
v -0.44693206 -0.00000157 16.66136479
v -0.11608014 -0.00000157 17.05022900
v -2.41178214 14.48013911 14.35199735
v 1.50997146 -0.00000115 16.64661419
v 0.69551663 -0.00000115 15.68935109
v -1.55144071 14.01138667 13.04841089
v -1.33650392 14.36852817 13.30103523
v -1.07191662 14.80816917 13.61201594
v -0.85698049 15.16531066 13.86463959
v -0.43557005 -0.00000155 16.52040039
v -2.66097807 13.94338167 13.90478798
v -2.22386087 16.46841270 14.72664157
v -2.34154552 16.39494733 14.74264045
v -1.04704031 16.38304595 13.64125462
v -1.73186543 15.13646583 12.83635041
v -2.34154552 16.39494733 14.74264045
v -2.74817765 15.65475873 14.26470824
v -0.11608014 -0.00000157 17.05022900
v -0.26813685 0.01190022 17.17960128
v -2.56383867 14.49204091 14.48136948
v -2.41178214 14.48013911 14.35199735
v -16.89947562 0.01190025 -2.52223156
v -16.91083781 0.01190022 -2.38126700
v -15.61633246 -0.00000115 -3.48265295
v -14.88456338 -0.00000115 -2.62257398
v -16.91083781 0.01190022 -2.38126700
v -16.47633172 0.01190022 -1.87057366
v -4.32102964 19.17424564 9.79319755
v -6.43832591 19.18110256 7.30464997
v -6.59837215 19.58895091 7.11654095
v -4.09976311 19.60952548 10.05326154
v -1.73186543 15.13646583 12.83635041
v -1.51528665 15.53145675 13.09090467
v -8.88070091 17.48011951 4.43402317
v -9.28251647 16.52331905 3.96175216
v -9.43333690 16.91897468 3.78448663
v -9.03482666 17.88016967 4.25287276
v -8.39537176 18.22429923 5.00445121
v -8.55208086 18.62776355 4.82026448
v -7.82653192 18.75585632 5.67303281
v -7.98509282 19.16175632 5.48666957
v -7.33385745 19.48215179 6.25209402
v -7.17418308 19.07479171 6.43976596
v -3.60259123 19.05773715 10.63760846
v -3.38144675 19.49291972 10.89752899
v -3.00249785 18.70821266 11.34292346
v -2.78171922 19.14310245 11.60241399
v -2.52075007 18.12567310 11.90914178
v -2.30058139 18.56007556 12.16791541
v -1.93803208 17.74383621 12.59403473
v -2.15734789 17.31011657 12.33626343
v -1.69406938 16.69438438 12.88077411
v -1.91229015 16.26154403 12.62428994
v -9.63047321 17.43613128 3.55278414
v -10.39772696 15.16123657 2.65099792
v -10.54895586 15.48582248 2.47325226
v -10.54895586 15.48582248 2.47325226
v -9.78129364 17.83178691 3.37551861
v -9.63047321 17.43613128 3.55278414
v -1.26361904 15.98805503 13.38670033
v -1.07191662 14.80816917 13.61201594
v 0.82246774 14.80816987 12.00024330
v 0.43906325 17.16794160 11.54961176
v -1.45532147 17.16794090 13.16138471
v -1.33650392 14.36852817 13.30103523
v 0.55788066 14.36852792 11.68926239
v 0.82246774 14.80816987 12.00024330
v -1.07191662 14.80816917 13.61201594
v -1.93803208 17.74383621 12.59403473
v -0.04364741 17.74383691 10.98226182
v 0.20031484 16.69438508 11.26900158
v -1.69406938 16.69438438 12.88077411
v -1.69884045 18.21686057 12.87516685
v 0.19554436 18.21686128 11.26339382
v -0.04364741 17.74383691 10.98226182
v -1.93803208 17.74383621 12.59403473
v 0.19554436 18.21686128 11.26339382
v -1.69884045 18.21686057 12.87516685
v -9.23352154 18.39590434 4.01933841
v -6.87395082 18.39590426 2.01177782
v -7.27090298 17.43613120 1.54522388
v -9.63047321 17.43613128 3.55278414
v -9.03482666 17.88016967 4.25287276
v -6.67525643 17.88016959 2.24531258
v -6.87395082 18.39590426 2.01177782
v -9.23352154 18.39590434 4.01933841
v -9.43333690 16.91897468 3.78448663
v -7.07376659 16.91897555 1.77692638
v -6.67525643 17.88016959 2.24531258
v -9.03482666 17.88016967 4.25287276
v -10.17075534 14.67408351 2.91776711
v -7.81118502 14.67408439 0.91020678
v -10.39772696 15.16123657 2.65099792
v -8.03815668 15.16123649 0.64343763
v -7.81118502 14.67408439 0.91020678
v -10.17075534 14.67408351 2.91776711
v -8.03815668 15.16123649 0.64343763
v -10.39772696 15.16123657 2.65099792
v 5.95308456 21.59172800 6.30367395
v -1.58729888 21.59220674 -2.55885669
v 7.81587464 19.86521318 8.49308894
v 7.70510178 20.12662151 8.36289304
v -1.63646896 19.59220579 -2.61664923
v 7.54443199 19.59220531 8.17405082
v -8.12693691 21.09220480 3.00517270
v -1.58729877 21.09220674 -2.55885679
v -1.63646896 19.59220579 -2.61664923
v -8.17610717 19.59220384 2.94738017
v -0.16986818 21.53337501 12.35745050
v -1.31231447 21.53337459 13.32946591
v 6.36976908 21.53337743 6.79342081
v 0.22942067 21.35361837 12.82675126
v -0.91302522 21.35361795 13.79876632
v 0.59066238 21.05153345 13.25133357
v -0.55178346 21.05153302 14.22334860
v 0.90626776 20.63346790 13.62227686
v -0.23617944 20.63346748 14.59429305
v 6.76905969 21.35362032 7.26272383
v 7.13030070 21.05153539 7.68730549
v 7.44590566 20.63346985 8.05824913
v -14.71059374 29.34580211 -2.41809130
v -13.92044039 30.17969970 -1.48939084
v -12.77799230 30.17970012 -2.46140590
v -13.92044039 30.17969970 -1.48939084
v -13.56814707 29.34580301 -3.39010829
v -13.34690366 29.57929419 -3.13007158
v -12.99923571 29.94620894 -2.72144261
v -12.77799230 30.17970012 -2.46140590
v -14.71059374 29.34580211 -2.41809130
v -13.56814707 29.34580301 -3.39010829
v -15.80609198 38.50204162 -3.70567361
v -14.66364474 38.50203918 -4.67768984
v -14.97364284 39.87021946 -5.04204318
v -16.11609013 39.87022189 -4.07002691
v -15.19974871 40.19764255 -5.30779470
v -15.37544070 40.13494133 -5.51429294
v -16.51788822 40.13494376 -4.54227648
v -16.34219609 40.19764499 -4.33577836
v -15.06581606 40.10940193 -5.15037814
v -16.20826339 40.10940437 -4.17836184
v -15.79653211 39.59595035 -6.00921939
v -16.93897990 39.59595279 -5.03720270
v -15.73312081 39.82277511 -5.93468941
v -16.87556855 39.82277755 -4.96267276
v -13.34690366 29.57929419 -3.13007158
v -6.80726583 29.57929614 -8.69410050
v -6.45959787 29.94621065 -8.28547153
v -12.99923571 29.94620894 -2.72144261
v -15.23553745 38.06374382 -5.34985928
v -8.69590170 38.06374529 -10.91389019
v -6.80726583 29.57929614 -8.69410050
v -13.34690366 29.57929419 -3.13007158
v -14.88604750 38.33159088 -4.93908917
v -8.34641189 38.33159235 -10.50311996
v -8.69590170 38.06374529 -10.91389019
v -15.23553745 38.06374382 -5.34985928
v -12.99923571 29.94620894 -2.72144261
v -6.45959787 29.94621065 -8.28547153
v -8.34641189 38.33159235 -10.50311996
v -14.88604750 38.33159088 -4.93908917
v 0.55788066 14.36852792 11.68926239
v -1.33650392 14.36852817 13.30103523
v -1.51528665 15.53145675 13.09090467
v 2.90046724 17.74383609 8.47736179
v 3.14442904 16.69438522 8.76410067
v 0.96194736 16.69438536 10.62099240
v 0.71798512 17.74383719 10.33425264
v 3.13965954 18.21686141 8.75849333
v 2.90046724 17.74383609 8.47736179
v 0.71798512 17.74383719 10.33425264
v 0.95717688 18.21686156 10.61538464
v 3.38317789 17.16794173 9.04471173
v 3.13965954 18.21686141 8.75849333
v 0.95717688 18.21686156 10.61538464
v 1.20069577 17.16794188 10.90160257
v -1.55143409 18.39590528 -2.51670468
v -1.94838567 17.43613317 -2.98325904
v -1.35273916 17.88017156 -2.28317038
v -1.55143409 18.39590528 -2.51670468
v -1.75124931 16.91897657 -2.75155658
v -1.35273916 17.88017156 -2.28317038
v -2.48866769 14.67408540 -3.61827647
v -2.71563934 15.16123750 -3.88504562
v -2.48866769 14.67408540 -3.61827647
v -2.71563934 15.16123750 -3.88504562
v -0.62124069 19.83554425 14.91330836
v -0.51846894 19.59220423 15.03410021
v -0.24702547 19.86521258 15.35313764
v -0.35779842 20.12661948 15.22294181
v 0.21617089 18.75442962 15.12595866
v 1.35861668 18.75442718 14.15394117
v 1.63006004 19.02743457 14.47297994
v 0.48761405 19.02743797 15.44499635
v 7.89825476 18.75443056 8.58991329
v 8.16969804 19.02743795 8.90895213
v -8.12693691 21.09220480 3.00517270
v -9.26938514 21.09220437 3.97718602
v -9.26938525 21.59220437 3.97718611
v -8.12693701 21.59220480 3.00517280
v -9.65020140 21.09220423 4.30119061
v -2.12399233 21.09220376 13.14706152
v -2.10981576 21.59172501 13.16372407
v -9.65020151 21.59220423 4.30119070
v -1.75283846 21.04193749 13.58329356
v -1.69313007 21.53337445 13.65347119
v -1.41698537 20.89113869 13.97803506
v -1.29384148 21.35361781 14.12277092
v -1.11643467 20.63980689 14.33128486
v -0.93259976 21.05153336 14.54735323
v -0.85118832 20.28794207 14.64304214
v -0.61699570 20.63346781 14.91829764
v -0.24042504 19.83554391 14.58930304
v -0.13765330 19.59220390 14.71009489
v -0.51846894 19.59220423 15.03410021
v -0.62124069 19.83554425 14.91330836
v 0.10679872 19.02743830 15.76900140
v -0.16464475 18.75442948 15.44996398
v -0.35779842 20.12661948 15.22294181
v -0.24702547 19.86521258 15.35313764
v -0.61699570 20.63346781 14.91829764
v -0.93259976 21.05153336 14.54735323
v -1.29384148 21.35361781 14.12277092
v -1.69313007 21.53337445 13.65347119
v -2.10981576 21.59172501 13.16372407
v -9.65020151 21.59220423 4.30119070
v -9.65020140 21.09220423 4.30119061
v -9.65020151 21.59220423 4.30119070
v -9.26938514 21.09220437 3.97718602
v -1.74317607 21.09220390 12.82305693
v -2.12399233 21.09220376 13.14706152
v -9.65020140 21.09220423 4.30119061
v -1.37202220 21.04193763 13.25928897
v -1.75283846 21.04193749 13.58329356
v -1.03616911 20.89113836 13.65403046
v -1.41698537 20.89113869 13.97803506
v -0.73561841 20.63980607 14.00728027
v -1.11643467 20.63980689 14.33128486
v -0.47037206 20.28794126 14.31903754
v -0.85118832 20.28794207 14.64304214
v 1.00479381 19.59220289 13.73807879
v 1.35861668 18.75442718 14.15394117
v 0.21617089 18.75442962 15.12595866
v 7.54443199 19.59220531 8.17405082
v 7.89825476 18.75443056 8.58991329
v 0.48761405 19.02743797 15.44499635
v 1.63006004 19.02743457 14.47297994
v 0.10679872 19.02743830 15.76900140
v -0.16464475 18.75442948 15.44996398
v 0.10679872 19.02743830 15.76900140
v -0.16464475 18.75442948 15.44996398
v 5.98801748 16.69438532 6.34472995
v 6.16680030 15.53145673 6.55486043
v 4.08484439 15.53145692 8.32622197
v 3.90606157 16.69438550 8.11609149
v 5.74405531 17.74383619 6.05799138
v 3.66209976 17.74383637 7.82935260
v 5.98324689 18.21686247 6.33912354
v 5.74405531 17.74383619 6.05799138
v 3.66209976 17.74383637 7.82935260
v 3.90129207 18.21686169 8.11048415
v 6.22676596 17.16794183 6.62534132
v 5.98324689 18.21686247 6.33912354
v 3.90129207 18.21686169 8.11048415
v 4.14481041 17.16794202 8.39670254
v 1.54288634 14.95374853 11.33937498
v 3.61609396 15.84247845 9.28288671
v 6.16680030 15.53145673 6.55486043
v 6.41846848 15.98805788 6.85065686
v 4.33651257 15.98805711 8.62201839
v 4.08484439 15.53145692 8.32622197
v 3.36229906 15.38774650 8.98573932
v 3.61609396 15.84247845 9.28288671
v 1.54288634 14.95374853 11.33937498
v 1.28042581 14.51223833 11.02974519
v 3.36229906 15.38774650 8.98573932
v 1.28042581 14.51223833 11.02974519
v 3.59446169 15.46758535 8.76334277
v 3.39830667 16.69438531 8.54809750
v 3.15434486 17.74383618 8.26135862
v 3.15434486 17.74383618 8.26135862
v 3.39353717 18.21686151 8.54249017
v 3.39353717 18.21686151 8.54249017
v 3.63705552 17.16794183 8.82870856
v 4.08721459 15.97188174 8.83945049
v 4.33651257 15.98805711 8.62201839
v 3.89093278 17.16794192 8.61270571
v 3.83530993 15.51548945 8.54350342
v 4.08721459 15.97188174 8.83945049
v 3.83530993 15.51548945 8.54350342
v 3.65218394 16.69438540 8.33209465
v 3.40822213 17.74383628 8.04535577
v 3.40822213 17.74383628 8.04535577
v 3.64741444 18.21686160 8.32648731
v 3.64741444 18.21686160 8.32648731
v 3.84707493 15.92335584 9.05974003
v 3.59446169 15.46758535 8.76334277
v 3.84707493 15.92335584 9.05974003
v 1.07176572 14.82434523 11.78281120
v 0.80741531 14.38449633 11.47198079
v 0.45419247 16.69438517 11.05299842
v 0.21023004 17.74383700 10.76625881
v 0.21023004 17.74383700 10.76625881
v 0.44942199 18.21686137 11.04739066
v 0.44942199 18.21686137 11.04739066
v 0.69294070 17.16794169 11.33360875
v 1.07176572 14.82434523 11.78281120
v 0.80741531 14.38449633 11.47198079
v 1.31190519 14.87287113 11.56252182
v 1.04826354 14.43239949 11.25214143
v 0.70806991 16.69438527 10.83699541
v 0.46410767 17.74383710 10.55025565
v 0.46410767 17.74383710 10.55025565
v 0.70329943 18.21686146 10.83138765
v 0.70329943 18.21686146 10.83138765
v 0.94681832 17.16794179 11.11760558
v 1.31190519 14.87287113 11.56252182
v 1.04826354 14.43239949 11.25214143
v -1.58729888 21.59220674 -2.55885669
v -1.58729877 21.09220674 -2.55885679
v 8.16969804 19.02743795 8.90895213
v 6.41846848 15.98805788 6.85065686
v -0.84409012 40.10941006 -17.25044727
v -0.75191690 39.87022854 -17.14211231
v -0.44191875 38.50204731 -16.77775901
v -0.97802272 40.19765163 -17.40786387
v -1.15371471 40.13494946 -17.61436211
v -1.23621193 37.89330364 -17.71132849
v -1.54944156 39.31003262 -18.07947986
v -1.57480454 39.59595944 -18.10928991
v -1.51139328 39.82278324 -18.03475989
v -1.35920986 39.99050594 -17.85588928
v -2.71725808 39.59595520 -17.13727585
v -2.69189365 39.31002838 -17.10746703
v -2.37866464 37.89329941 -16.73931638
v -2.65384682 39.82278091 -17.06274582
v -2.50166195 39.99050171 -16.88387645
v -2.15626192 38.06374771 -16.47791701
v -1.80677356 38.33159668 -16.06714554
v -1.58437084 38.50204498 -15.80574617
v -1.89436899 39.87022430 -16.17009948
v -1.98654221 40.10940582 -16.27843444
v -2.12047481 40.19764740 -16.43585104
v -2.29616680 40.13494522 -16.64234927
v -2.37866464 37.89329941 -16.73931638
v -2.69189365 39.31002838 -17.10746703
v -1.54944156 39.31003262 -18.07947986
v -1.23621193 37.89330364 -17.71132849
v 5.40207159 19.59220911 -9.90908188
v 6.09478809 21.09221006 -9.09489938
v 13.62099716 21.09220959 -0.24902847
v 14.89380153 20.28794695 1.24695184
v 15.12374819 19.83554960 1.51721764
v 15.22651993 19.59220959 1.63800950
v 14.62855264 20.63981176 0.93519673
v 14.32800194 20.89114405 0.58194692
v 13.99214922 21.04194332 0.18720512
v 12.49272455 21.59173042 0.73964444
v 13.63517373 21.59173084 -0.23236592
v 6.09478798 21.59221006 -9.09489929
v 4.95234065 21.59220964 -8.12288675
v 15.22651993 19.59220959 1.63800950
v 14.08406784 19.59220773 2.61002233
v 4.90317042 19.59220869 -8.18067946
v 5.40207159 19.59220911 -9.90908188
v -2.29616680 40.13494522 -16.64234927
v -1.15371471 40.13494946 -17.61436211
v -1.35920986 39.99050594 -17.85588928
v -2.50166195 39.99050171 -16.88387645
v 15.49796113 19.86521793 1.95704885
v 15.38718827 20.12662531 1.82685295
v 14.24473825 20.12662393 2.79886528
v 14.35551111 19.86521513 2.92906118
v 3.05889866 23.50875021 -12.66310425
v 2.37803737 22.01506878 -13.46335283
v 1.97303835 23.37792755 -13.93936761
v 2.64723184 24.86805416 -13.14695598
v 1.91645164 23.50875026 -11.69109135
v 3.05889866 23.50875021 -12.66310425
v 2.64723184 24.86805416 -13.14695598
v 1.50478306 24.86805374 -12.17494220
v 1.23559004 22.01506836 -12.49134029
v 1.91645164 23.50875026 -11.69109135
v 1.50478306 24.86805374 -12.17494220
v 0.83058812 23.37792713 -12.96735260
v 2.37803737 22.01506878 -13.46335283
v 1.23559004 22.01506836 -12.49134029
v 0.83058812 23.37792713 -12.96735260
v 1.97303835 23.37792755 -13.93936761
v 3.60949139 22.45151402 -12.01597575
v 2.92343926 20.95506788 -12.82231651
v 4.29900131 21.69634510 -11.20556305
v 3.60924838 20.19792391 -12.01626234
v 5.12743278 21.24324394 -10.23186986
v 4.43545725 19.74363781 -11.04518147
v 6.09478809 21.09221006 -9.09489938
v 5.40207159 19.59220911 -9.90908188
v 2.46704177 22.45151359 -11.04396001
v 3.60949139 22.45151402 -12.01597575
v 3.15655314 21.69634468 -10.23354855
v 4.29900131 21.69634510 -11.20556305
v 3.98498545 21.24324352 -9.25985732
v 5.12743278 21.24324394 -10.23186986
v 4.95234076 21.09220964 -8.12288684
v 6.09478809 21.09221006 -9.09489938
v 1.78099193 20.95506746 -11.85030397
v 2.46704177 22.45151359 -11.04396001
v 2.46679877 20.19792349 -11.04424661
v 3.15655314 21.69634468 -10.23354855
v 3.29300878 19.74363739 -10.07316733
v 3.98498545 21.24324352 -9.25985732
v 4.90317042 19.59220869 -8.18067946
v 4.95234076 21.09220964 -8.12288684
v 2.92343926 20.95506788 -12.82231651
v 1.78099193 20.95506746 -11.85030397
v 3.60924838 20.19792391 -12.01626234
v 2.46679877 20.19792349 -11.04424661
v 4.43545725 19.74363781 -11.04518147
v 3.29300878 19.74363739 -10.07316733
v 5.40207159 19.59220911 -9.90908188
v 4.90317042 19.59220869 -8.18067946
v 6.48709821 14.34950371 -10.94858864
v 1.62206254 0.00000496 -16.66667647
v 1.32479960 0.00000496 -17.01606214
v 6.27203058 14.81110688 -11.20136649
v 5.84444464 15.56068151 -11.54960361
v 0.74933024 0.00000494 -17.53811909
v -0.24079145 0.00000457 -16.69570765
v 4.85432295 15.56068114 -10.70719217
v -0.25215528 0.00000454 -16.55474171
v 0.47961375 0.00000454 -15.69466270
v 5.34464942 14.34950329 -9.97657486
v 5.19342047 14.67408920 -10.15432048
v 4.96644881 15.16124226 -10.42108963
v 4.81521986 15.48582817 -10.59883526
v 5.45787052 14.27464942 -9.99781781
v 0.62057992 0.00000457 -15.68330155
v 1.61070161 0.00000494 -16.52571300
v 6.44799367 14.27464979 -10.84023049
v 12.18559455 19.17425175 -4.25090347
v 10.06829829 19.18110867 -6.73945106
v 9.85645516 19.72095223 -6.98843898
v 12.46284563 19.71966477 -3.92503835
v 11.84180984 20.59557132 -2.49450196
v 12.83193153 20.59557168 -3.33691341
v 9.43707409 20.59557264 -7.32703253
v 8.44695239 20.59557227 -6.48462108
v 8.40435690 20.51003433 -6.38036896
v 8.56440334 20.10218597 -6.19225980
v 11.50438560 20.08161141 -2.73677468
v 11.72565209 20.51689125 -2.47671065
v 12.06943390 19.09557168 -4.23310969
v 11.07931220 19.09557132 -3.39069824
v 9.03557819 19.09557036 -5.79278502
v 10.02569988 19.09557073 -6.63519646
v 14.59433431 16.26155014 -1.41981132
v 14.86861286 16.80558129 -1.09743994
v 15.05295203 15.64286347 -0.88077885
v 14.77475912 15.13647194 -1.20775092
v 15.42494064 16.45651739 -0.28924226
v 15.23314974 17.67971342 -0.51466166
v 14.24302804 17.67971305 0.32774979
v 14.43481894 16.45651702 0.55316919
v 14.31713537 16.38305164 0.56916714
v 14.12707485 17.60078693 0.34578152
v 13.90885412 17.16794659 0.08929731
v 14.10055664 15.98806072 0.31461285
v 13.66695095 15.06300620 -0.34933905
v 13.48825589 16.18262366 -0.55936640
v 14.47837759 16.18262403 -1.40177784
v 14.65707265 15.06300657 -1.19175050
v 1.62206254 0.00000496 -16.66667647
v 1.61070161 0.00000494 -16.52571300
v 0.62057992 0.00000457 -15.68330155
v 0.47961375 0.00000454 -15.69466270
v -0.25215528 0.00000454 -16.55474171
v -0.24079145 0.00000457 -16.69570765
v 0.74933024 0.00000494 -17.53811909
v 1.32479960 0.00000496 -17.01606214
v 0.89029350 0.00000496 -17.52675548
v 16.05969377 0.00000454 2.61726237
v 16.07105759 0.00000457 2.47629643
v 17.06117929 0.00000494 1.63388498
v 17.20214255 0.00000496 1.64524859
v 17.53299446 0.00000496 2.03411281
v 18.01659737 0.00000496 2.60251170
v 18.00523583 0.00000494 2.74347444
v 17.01511413 0.00000457 3.58588589
v 16.87414859 0.00000454 3.57452547
v 7.62592342 17.48012562 -9.61007798
v 7.22410795 16.52332516 -10.08234906
v 7.02149218 17.05485745 -10.32049169
v 7.41998905 18.01465149 -9.85212110
v 6.01957429 18.88191680 -9.33762168
v 7.00969598 18.88191717 -10.18003313
v 6.61630958 17.91798608 -10.64239717
v 5.62618789 17.91798572 -9.79998572
v 5.58288186 17.83179260 -9.69656872
v 5.73370233 17.43613697 -9.51930323
v 6.13065392 18.39591003 -9.05274887
v 5.97652812 18.79596115 -9.23389925
v 7.58287435 17.39416997 -9.50635307
v 6.59275265 17.39416961 -8.66394162
v 6.19067732 16.43713168 -9.13651814
v 7.18079901 16.43713205 -9.97892958
v 8.11125252 18.22430535 -9.03964989
v 7.90273449 18.76115723 -9.28472970
v 8.68009232 18.75586243 -8.37106826
v 8.46972742 19.29437657 -8.61831876
v 9.12096770 19.61430855 -7.85288846
v 9.33244111 19.07479783 -7.60433507
v 6.49834405 19.63164119 -8.77490307
v 7.48846574 19.63164155 -9.61731451
v 7.06249701 20.16715793 -8.11183007
v 8.05261870 20.16715829 -8.95424151
v 7.71203302 20.48846892 -7.34840286
v 8.70215472 20.48846929 -8.19081430
v 6.61220602 19.14240433 -8.48676006
v 6.45549687 19.54586865 -8.67094675
v 7.17835107 19.67561508 -7.82134567
v 7.01979012 20.08151604 -8.00770886
v 7.66940987 20.40290428 -7.24418324
v 7.82908444 19.99554325 -7.05651116
v 8.06840229 18.13853281 -8.93569128
v 7.07828059 18.13853244 -8.09327984
v 8.63738253 18.67022054 -8.26694458
v 7.64726083 18.67022018 -7.42453314
v 9.28981506 18.98923318 -7.50011298
v 8.29969336 18.98923282 -6.65770153
v 12.90403296 19.05774327 -3.40649256
v 13.18116477 19.60310288 -3.08076763
v 12.55994728 20.47893695 -1.65044479
v 13.55006898 20.47893732 -2.49285623
v 12.22265313 19.96506477 -1.89256461
v 12.44379757 20.40024735 -1.63264404
v 12.78788034 18.97905366 -3.38868934
v 11.79775864 18.97905330 -2.54627790
v 13.50412638 18.70821877 -2.70117761
v 13.78090161 19.25341149 -2.37587177
v 13.98587421 18.12567921 -2.13495932
v 14.26205494 18.67059536 -1.81035223
v 14.62462535 17.85465165 -1.38420829
v 14.34927644 17.31012268 -1.70783771
v 13.15913783 20.12903384 -0.94619103
v 14.14925952 20.12903421 -1.78860247
v 13.63938147 19.54586295 -0.38174068
v 14.62950316 19.54586332 -1.22415212
v 14.00067821 18.72942237 0.04290626
v 14.99079990 18.72942274 -0.79950518
v 12.82223424 19.61542488 -1.18785179
v 13.04301283 20.05031468 -0.92836122
v 13.52329726 19.46709419 -0.36386293
v 13.30312863 19.03269173 -0.62263660
v 13.88465085 18.65058495 0.06085083
v 13.66533505 18.21686627 -0.19692047
v 13.38799786 18.62949960 -2.68334605
v 12.39787617 18.62949924 -1.84093461
v 13.86978648 18.04691045 -2.11707983
v 12.87966478 18.04691009 -1.27466839
v 14.23324618 17.23128526 -1.68989067
v 13.24312449 17.23128490 -0.84747922
v 6.87738752 17.84369494 -10.79795493
v 6.10972553 15.49773051 -11.70022147
v 5.99650152 15.57258438 -11.67897605
v 6.76836647 17.92988799 -10.77176961
v 13.02015630 20.52879359 -3.57809563
v 9.69886111 20.52193667 -7.48175393
v 9.58913097 20.60747455 -7.45640496
v 12.98398841 20.60747360 -3.46628585
v 18.15729271 0.01190685 2.61410201
v 18.16865425 0.01190688 2.47313926
v 15.80170095 15.17721869 -0.30883418
v 15.76878842 15.24522327 -0.19319530
v 8.96391408 20.41480662 -8.34556821
v 8.85421160 20.50037120 -8.32018674
v 7.27103233 18.80786349 -10.33528422
v 7.16175286 18.89381908 -10.30940556
v 7.75000108 19.55777098 -9.77233172
v 7.64052262 19.64354347 -9.74668695
v 8.31429433 20.09341837 -9.10909384
v 8.20467559 20.17906021 -9.08361395
v 13.70212586 20.49083923 -2.62222867
v 13.73830178 20.41214968 -2.73402901
v 15.14285678 18.74132465 -0.92887762
v 15.38520662 17.69161533 -0.64403409
v 15.42158051 17.61268927 -0.75560469
v 15.17915651 18.66248728 -1.04053538
v 14.78156004 19.55776523 -1.35352456
v 14.81780147 19.47899653 -1.46524791
v 14.30131640 20.14093612 -1.91797491
v 14.33751704 20.06221701 -2.02974620
v 5.58288186 17.83179260 -9.69656872
v 4.81521986 15.48582817 -10.59883526
v 8.40435690 20.51003433 -6.38036896
v 11.72565209 20.51689125 -2.47671065
v 16.87414859 0.00000454 3.57452547
v 17.01511413 0.00000457 3.58588589
v 14.62660984 15.23332099 0.77858859
v 14.50719528 15.16531635 0.79255204
v 7.66940987 20.40290428 -7.24418324
v 5.97652812 18.79596115 -9.23389925
v 6.45549687 19.54586865 -8.67094675
v 7.01979012 20.08151604 -8.00770886
v 12.44379757 20.40024735 -1.63264404
v 13.88465085 18.65058495 0.06085083
v 14.12707485 17.60078693 0.34578152
v 13.52329726 19.46709419 -0.36386293
v 13.04301283 20.05031468 -0.92836122
v 6.19067732 16.43713168 -9.13651814
v 6.08165917 16.52332474 -9.11033528
v 5.45787052 14.27464942 -9.99781781
v 11.04314577 19.17425133 -3.27888969
v 8.92584950 19.18110825 -5.76743728
v 9.03557819 19.09557036 -5.79278502
v 11.07931220 19.09557132 -3.39069824
v 16.07105759 0.00000457 2.47629643
v 16.05969377 0.00000454 2.61726237
v 13.81273515 14.01139237 -0.02367675
v 13.84564539 13.94338779 -0.13931243
v 8.18999233 19.07479740 -6.63232129
v 8.29969336 18.98923282 -6.65770153
v 6.48347464 17.48012520 -8.63806420
v 6.59275265 17.39416961 -8.66394162
v 6.96880374 18.22430492 -8.06763611
v 7.07828059 18.13853244 -8.09327984
v 7.53764354 18.75586201 -7.39905448
v 7.64726083 18.67022018 -7.42453314
v 13.45188553 16.26154972 -0.44779755
v 13.20682766 17.31012226 -0.73582393
v 13.24312449 17.23128490 -0.84747922
v 13.48825589 16.18262366 -0.55936640
v 11.76158418 19.05774284 -2.43447879
v 11.79775864 18.97905330 -2.54627790
v 12.36167760 18.70821835 -1.72916383
v 12.39787617 18.62949924 -1.84093461
v 12.84342543 18.12567879 -1.16294555
v 12.87966478 18.04691009 -1.27466839
v 7.17354906 17.06675936 -10.44986412
v 6.42408746 14.82300879 -11.33073892
v 6.10972553 15.49773051 -11.70022147
v 6.87738752 17.84369494 -10.79795493
v 12.61490106 19.73156668 -4.05440955
v 10.00851059 19.73285414 -7.11781019
v 9.69886111 20.52193667 -7.48175393
v 13.02015630 20.52879359 -3.57809563
v 18.16865425 0.01190688 2.47313926
v 17.68505135 0.01190688 1.90474037
v 15.38934807 14.49204756 -0.79349020
v 15.80170095 15.17721869 -0.30883418
v 7.57204593 18.02655341 -9.98149353
v 7.27103233 18.80786349 -10.33528422
v 8.05479137 18.77305914 -9.41410213
v 7.75000108 19.55777098 -9.77233172
v 8.62178285 19.30627848 -8.74768996
v 8.31429433 20.09341837 -9.10909384
v 8.96391408 20.41480662 -8.34556821
v 9.27302313 19.62621046 -7.98225966
v 13.33322019 19.61500479 -3.21013883
v 13.73830178 20.41214968 -2.73402901
v 13.93295704 19.26531340 -2.50524297
v 14.33751704 20.06221701 -2.02974620
v 14.81780147 19.47899653 -1.46524791
v 14.41411182 18.68249728 -1.93972467
v 15.17915651 18.66248728 -1.04053538
v 14.77668223 17.86655356 -1.51358073
v 15.42158051 17.61268927 -0.75560469
v 15.02066974 16.81748320 -1.22681237
v 1.04235038 0.01190688 -17.65612792
v 1.47685648 0.01190688 -17.14543458
v 6.27203058 14.81110688 -11.20136649
v 1.32479960 0.00000496 -17.01606214
v 1.47685648 0.01190688 -17.14543458
v 6.42408746 14.82300879 -11.33073892
v 7.02149218 17.05485745 -10.32049169
v 7.17354906 17.06675936 -10.44986412
v 7.57204593 18.02655341 -9.98149353
v 7.41998905 18.01465149 -9.85212110
v 8.05479137 18.77305914 -9.41410213
v 7.90273449 18.76115723 -9.28472970
v 8.62178285 19.30627848 -8.74768996
v 8.46972742 19.29437657 -8.61831876
v 9.27302313 19.62621046 -7.98225966
v 9.12096770 19.61430855 -7.85288846
v 10.00851059 19.73285414 -7.11781019
v 9.85645516 19.72095223 -6.98843898
v 12.61490106 19.73156668 -4.05440955
v 12.46284563 19.71966477 -3.92503835
v 13.33322019 19.61500479 -3.21013883
v 13.18116477 19.60310288 -3.08076763
v 13.93295704 19.26531340 -2.50524297
v 13.78090161 19.25341149 -2.37587177
v 14.41411182 18.68249728 -1.93972467
v 14.26205494 18.67059536 -1.81035223
v 14.77668223 17.86655356 -1.51358073
v 14.62462535 17.85465165 -1.38420829
v 15.02066974 16.81748320 -1.22681237
v 14.86861286 16.80558129 -1.09743994
v 15.20500891 15.65476538 -1.01015129
v 15.05295203 15.64286347 -0.88077885
v 17.68505135 0.01190688 1.90474037
v 18.16865425 0.01190688 2.47313926
v 18.15729271 0.01190685 2.61410201
v 15.61673154 15.23332136 -0.06382286
v 18.00523583 0.00000494 2.74347444
v 0.90138712 0.01190685 -17.66749153
v 14.95518393 14.01139279 -0.99569052
v 15.23729119 14.48014565 -0.66411776
v 17.53299446 0.00000496 2.03411281
v 17.20214255 0.00000496 1.64524859
v 14.29225915 14.80817486 0.53992838
v 14.02767190 14.36853386 0.22894763
v 13.81273515 14.01139237 -0.02367675
v 16.05969377 0.00000454 2.61726237
v 16.87414859 0.00000454 3.57452547
v 14.50719528 15.16531635 0.79255204
v 14.83576854 13.94338815 -0.98172511
v 17.06117929 0.00000494 1.63388498
v 15.61164104 16.39495398 -0.53221907
v 15.57699752 16.46841930 -0.41861470
v 14.31713537 16.38305164 0.56916714
v 13.66695095 15.06300620 -0.34933905
v 13.84564539 13.94338779 -0.13931243
v 13.63231034 15.13647152 -0.23573715
v 15.20500891 15.65476538 -1.01015129
v 15.61164104 16.39495398 -0.53221907
v 17.53299446 0.00000496 2.03411281
v 15.23729119 14.48014565 -0.66411776
v 15.38934807 14.49204756 -0.79349020
v 17.68505135 0.01190688 1.90474037
v 0.90138712 0.01190685 -17.66749153
v 1.04235038 0.01190688 -17.65612792
v -0.25215528 0.00000454 -16.55474171
v 0.62057992 0.00000457 -15.68330155
v 1.04235038 0.01190688 -17.65612792
v 1.47685648 0.01190688 -17.14543458
v 11.26441226 19.60953117 -3.01882567
v 8.76580321 19.58895660 -5.95554626
v 13.84888908 15.53146244 0.01881715
v 6.32934884 17.88017536 -8.81921457
v 5.93083869 16.91898037 -9.28760078
v 6.81209459 18.62776924 -8.25182281
v 7.37908258 19.16176201 -7.58541768
v 8.03031792 19.48215748 -6.81999319
v 11.98272861 19.49292542 -2.17455822
v 12.58245619 19.14310814 -1.46967326
v 13.06359406 18.56008125 -0.90417188
v 13.42614347 17.74384190 -0.47805263
v 13.67010625 16.69439007 -0.19131333
v 4.96644881 15.16124226 -10.42108963
v 12.39787462 14.80817416 2.15170118
v 14.29225915 14.80817486 0.53992838
v 14.10055664 15.98806072 0.31461285
v 12.01446813 17.16794589 1.70107134
v 13.90885412 17.16794659 0.08929731
v 14.02767190 14.36853386 0.22894763
v 14.29225915 14.80817486 0.53992838
v 12.39787462 14.80817416 2.15170118
v 12.13328590 14.36853220 1.84072166
v 13.42614347 17.74384190 -0.47805263
v 13.67010625 16.69439007 -0.19131333
v 11.77572172 16.69438937 1.42045946
v 11.53175747 17.74384120 1.13372140
v 13.66533505 18.21686627 -0.19692047
v 13.42614347 17.74384190 -0.47805263
v 11.53175747 17.74384120 1.13372140
v 11.77094906 18.21686556 1.41485356
v 13.66533505 18.21686627 -0.19692047
v 11.77094906 18.21686556 1.41485356
v 6.13065392 18.39591003 -9.05274887
v 5.73370233 17.43613697 -9.51930323
v 3.37413170 17.43613514 -7.51174262
v 3.77108183 18.39590821 -7.04518704
v 6.32934884 17.88017536 -8.81921457
v 6.13065392 18.39591003 -9.05274887
v 3.77108183 18.39590821 -7.04518704
v 3.96977821 17.88017353 -6.81165397
v 5.93083869 16.91898037 -9.28760078
v 6.32934884 17.88017536 -8.81921457
v 3.96977821 17.88017353 -6.81165397
v 3.57126805 16.91897950 -7.28004017
v 5.19342047 14.67408920 -10.15432048
v 2.83384984 14.67408833 -8.14675988
v 4.96644881 15.16124226 -10.42108963
v 5.19342047 14.67408920 -10.15432048
v 2.83384984 14.67408833 -8.14675988
v 2.60687818 15.16124043 -8.41352903
v 4.96644881 15.16124226 -10.42108963
v 2.60687818 15.16124043 -8.41352903
v 4.95234076 21.09220964 -8.12288684
v 4.90317042 19.59220869 -8.18067946
v 12.90940762 21.53337986 1.22939254
v 14.05185680 21.53338028 0.25738218
v 13.30869638 21.35362322 1.69869338
v 14.45114556 21.35362364 0.72668301
v 13.66993800 21.05153829 2.12327576
v 14.81238719 21.05153872 1.15126540
v 13.98554152 20.63347274 2.49422064
v 15.12799215 20.63347317 1.52220905
v 0.65357999 29.34580780 -15.49017712
v 1.44373281 30.17970539 -14.56147683
v 1.44373281 30.17970539 -14.56147683
v 0.30128341 30.17970497 -13.58946378
v -0.48887127 29.34580833 -14.51816625
v -0.26762791 29.57929928 -14.25812950
v 0.08004005 29.94621402 -13.84950053
v 0.30128341 30.17970497 -13.58946378
v -0.48887127 29.34580833 -14.51816625
v 0.65357999 29.34580780 -15.49017712
v -0.44191875 38.50204731 -16.77775901
v -0.75191690 39.87022854 -17.14211231
v -1.89436899 39.87022430 -16.17009948
v -1.58437084 38.50204498 -15.80574617
v -2.12047481 40.19764740 -16.43585104
v -0.97802272 40.19765163 -17.40786387
v -1.15371471 40.13494946 -17.61436211
v -2.29616680 40.13494522 -16.64234927
v -1.98654221 40.10940582 -16.27843444
v -0.84409012 40.10941006 -17.25044727
v -2.71725808 39.59595520 -17.13727585
v -1.57480454 39.59595944 -18.10928991
v -2.65384682 39.82278091 -17.06274582
v -1.51139328 39.82278324 -18.03475989
v -0.26762791 29.57929928 -14.25812950
v 0.08004005 29.94621402 -13.84950053
v -2.15626192 38.06374771 -16.47791701
v -0.26762791 29.57929928 -14.25812950
v -1.80677356 38.33159668 -16.06714554
v -2.15626192 38.06374771 -16.47791701
v 0.08004005 29.94621402 -13.84950053
v -1.80677356 38.33159668 -16.06714554
v 13.84888908 15.53146244 0.01881715
v 14.02767190 14.36853386 0.22894763
v 12.13328590 14.36853220 1.84072166
v 8.58764338 17.74383820 3.63862097
v 10.77012568 17.74384091 1.78172997
v 11.01408919 16.69438908 2.06846865
v 8.83160627 16.69438732 3.92535892
v 8.82683423 18.21686352 3.91975375
v 11.00931653 18.21686528 2.06286274
v 10.77012568 17.74384091 1.78172997
v 8.58764338 17.74383820 3.63862097
v 9.07035403 17.16794384 4.20597091
v 11.25283633 17.16794560 2.34907991
v 11.00931653 18.21686528 2.06286274
v 8.82683423 18.21686352 3.91975375
v 15.50456507 19.83555022 1.19321378
v 15.76800515 20.12662545 1.50284909
v 15.87877801 19.86521855 1.63304499
v 15.60733681 19.59221021 1.31400563
v 15.58034249 18.75443531 2.05387465
v 15.85178514 19.02744366 2.37291277
v 14.70933389 19.02743942 3.34492364
v 14.43789062 18.75443203 3.02588480
v 4.95234076 21.09220964 -8.12288684
v 4.95234065 21.59220964 -8.12288675
v 6.09478798 21.59221006 -9.09489929
v 6.09478809 21.09221006 -9.09489938
v 6.47560435 21.09221021 -9.41890397
v 6.47560424 21.59221021 -9.41890388
v 14.01599000 21.59173098 -0.55637051
v 14.00181342 21.09220973 -0.57303306
v 14.43267368 21.53338042 -0.06662169
v 14.37296548 21.04194346 -0.13679947
v 14.83196182 21.35362378 0.40267842
v 14.70881820 20.89114467 0.25794233
v 15.19320345 21.05153933 0.82726081
v 15.00936890 20.63981286 0.61119213
v 15.50880841 20.63347379 1.19820445
v 15.27461779 20.28794804 0.92294725
v 15.12374819 19.83554960 1.51721764
v 15.50456507 19.83555022 1.19321378
v 15.60733681 19.59221021 1.31400563
v 15.22651993 19.59220959 1.63800950
v 15.96115937 18.75443545 1.72987079
v 16.23260202 19.02744428 2.04890890
v 15.87877801 19.86521855 1.63304499
v 15.76800515 20.12662545 1.50284909
v 15.50880841 20.63347379 1.19820445
v 15.19320345 21.05153933 0.82726081
v 14.83196182 21.35362378 0.40267842
v 14.43267368 21.53338042 -0.06662169
v 14.01599000 21.59173098 -0.55637051
v 6.47560424 21.59221021 -9.41890388
v 6.47560424 21.59221021 -9.41890388
v 6.47560435 21.09221021 -9.41890397
v 6.09478809 21.09221006 -9.09489938
v 6.47560435 21.09221021 -9.41890397
v 14.00181342 21.09220973 -0.57303306
v 13.62099716 21.09220959 -0.24902847
v 14.37296548 21.04194346 -0.13679947
v 13.99214922 21.04194332 0.18720512
v 14.70881820 20.89114467 0.25794233
v 14.32800194 20.89114405 0.58194692
v 15.00936890 20.63981286 0.61119213
v 14.62855264 20.63981176 0.93519673
v 15.27461779 20.28794804 0.92294725
v 14.89380153 20.28794695 1.24695184
v 15.58034249 18.75443531 2.05387465
v 14.43789062 18.75443203 3.02588480
v 14.08406784 19.59220773 2.61002233
v 14.70933389 19.02743942 3.34492364
v 15.85178514 19.02744366 2.37291277
v 16.23260202 19.02744428 2.04890890
v 16.23260202 19.02744428 2.04890890
v 15.96115937 18.75443545 1.72987079
v 15.96115937 18.75443545 1.72987079
v 8.06997375 16.69438704 4.57336811
v 8.24875657 15.53145846 4.78349859
v 7.82601086 17.74383791 4.28663015
v 8.06520171 18.21686324 4.56776293
v 7.82601086 17.74383791 4.28663015
v 8.30872151 17.16794356 4.85398009
v 8.06520171 18.21686324 4.56776293
v 9.26814857 15.84248054 4.47402785
v 11.63014935 14.95375227 2.75696958
v 8.24875657 15.53145846 4.78349859
v 8.50042475 15.98805865 5.07929501
v 9.01548786 15.38774860 4.17591547
v 11.36655534 14.51224207 2.44830416
v 11.63014935 14.95375227 2.75696958
v 9.26814857 15.84248054 4.47402785
v 11.36655534 14.51224207 2.44830416
v 9.01548786 15.38774860 4.17591547
v 8.75877778 15.46758726 4.36945969
v 8.57772828 16.69438723 4.14136240
v 8.33376611 17.74383810 3.85462383
v 8.33376611 17.74383810 3.85462383
v 8.57295624 18.21686343 4.13575722
v 8.57295624 18.21686343 4.13575722
v 8.81647677 17.16794375 4.42197376
v 8.75497863 15.97188347 4.86804186
v 8.56259877 17.16794365 4.63797724
v 8.50042475 15.98805865 5.07929501
v 8.50319999 15.51549118 4.57198756
v 8.75497863 15.97188347 4.86804186
v 8.50319999 15.51549118 4.57198756
v 8.32385102 16.69438713 4.35736525
v 8.07988812 17.74383801 4.07062730
v 8.07988812 17.74383801 4.07062730
v 8.31907970 18.21686333 4.35175946
v 8.31907970 18.21686333 4.35175946
v 9.01088730 15.92335775 4.66628552
v 8.75877778 15.46758726 4.36945969
v 9.01088730 15.92335775 4.66628552
v 12.14331928 14.82434933 2.36295557
v 11.87884322 14.38450043 2.05223207
v 11.52184372 16.69438927 1.63646294
v 11.27788093 17.74384110 1.34972364
v 11.27788093 17.74384110 1.34972364
v 11.51707252 18.21686547 1.63085580
v 11.51707252 18.21686547 1.63085580
v 11.76059159 17.16794579 1.91707358
v 12.14331928 14.82434933 2.36295557
v 11.87884322 14.38450043 2.05223207
v 11.88741135 14.87287505 2.56471129
v 11.62326470 14.43240340 2.25476056
v 11.26796719 16.69438918 1.85246517
v 11.02400294 17.74384101 1.56572711
v 11.02400294 17.74384101 1.56572711
v 11.26319453 18.21686538 1.84685927
v 11.26319453 18.21686538 1.84685927
v 11.50671360 17.16794570 2.13307705
v 11.88741135 14.87287505 2.56471129
v 11.62326470 14.43240340 2.25476056
vt 0.81164587 0.16785198
vt 0.78580236 0.16786534
vt 0.78892928 0.19129032
vt 0.81395352 0.19108325
vt 0.81865489 0.19008863
vt 0.82124770 0.18720132
vt 0.82173133 0.18242097
vt 0.81653666 0.16880232
vt 0.81969965 0.17166352
vt 0.82113463 0.17643440
vt 0.78641146 0.24066240
vt 0.81225288 0.24025100
vt 0.81712794 0.23921829
vt 0.82024229 0.23630482
vt 0.82159799 0.23150963
vt 0.78717530 0.23409086
vt 0.78837800 0.22376561
vt 0.78914434 0.21718961
vt 0.81417274 0.21698010
vt 0.81889051 0.21789593
vt 0.82153118 0.22074014
vt 0.82209474 0.22551203
vt 0.78579468 0.14197344
vt 0.78580236 0.16786534
vt 0.81164587 0.16785198
vt 0.81163275 0.14196008
vt 0.97259861 0.85508645
vt 0.97600019 0.85156828
vt 0.98232508 0.84369677
vt 0.98724389 0.83461702
vt 0.99075788 0.82432818
vt 0.99286598 0.81283158
vt 0.99356830 0.80012661
vt 0.97259861 0.51877779
vt 0.99356830 0.54249060
vt 0.04516932 0.35005480
vt 0.04546366 0.14406025
vt 0.01964010 0.14452451
vt 0.01859934 0.35030943
vt 0.97259861 0.85508645
vt 0.97259861 0.51877779
vt 0.95162821 0.54080772
vt 0.95162845 0.85508645
vt 0.83187467 0.14195007
vt 0.82585961 0.14195299
vt 0.82587308 0.16784418
vt 0.83188790 0.16784149
vt 0.01848269 0.41145289
vt 0.04507418 0.41174161
vt 0.04509829 0.40630710
vt 0.01854787 0.40602547
vt 0.50560850 0.19231212
vt 0.53509492 0.19255364
vt 0.51899755 0.16451889
vt 0.49495921 0.16160971
vt 0.50676364 0.22236502
vt 0.53580022 0.22087377
vt 0.53509492 0.19255364
vt 0.50560850 0.19231212
vt 0.49824739 0.25386423
vt 0.52108556 0.24878061
vt 0.53580022 0.22087377
vt 0.50676364 0.22236502
vt 0.49495921 0.16160971
vt 0.51899755 0.16451889
vt 0.52090275 0.13954341
vt 0.49695611 0.13783842
vt 0.47803000 0.19242221
vt 0.47427306 0.16009331
vt 0.45176467 0.19300008
vt 0.45441535 0.16003716
vt 0.42475778 0.19324523
vt 0.43385729 0.16239446
vt 0.39774323 0.19441581
vt 0.41006494 0.16609645
vt 0.47923803 0.22351283
vt 0.47803000 0.19242221
vt 0.45241699 0.22345239
vt 0.45176467 0.19300008
vt 0.42494437 0.22254419
vt 0.42475778 0.19324523
vt 0.39699265 0.21998322
vt 0.39774323 0.19441581
vt 0.47710863 0.25738388
vt 0.47923803 0.22351283
vt 0.45540318 0.25817823
vt 0.45241699 0.22345239
vt 0.43308747 0.25512874
vt 0.42494437 0.22254419
vt 0.39195392 0.24493992
vt 0.39699265 0.21998322
vt 0.47427306 0.16009331
vt 0.47518560 0.13650787
vt 0.45441535 0.16003716
vt 0.45371899 0.13637239
vt 0.43385729 0.16239446
vt 0.43113253 0.13811409
vt 0.41006494 0.16609645
vt 0.39041600 0.14381099
vt 0.30216086 0.93618602
vt 0.30389884 0.92690820
vt 0.01700054 0.96528965
vt 0.02294416 0.97185683
vt 0.30327660 0.90264255
vt 0.29980245 0.87988746
vt 0.00050000 0.92291784
vt 0.00371008 0.94574302
vt 0.29954237 0.87742764
vt 0.29582039 0.87174398
vt 0.29180151 0.86255771
vt 0.00167896 0.91992486
vt 0.28744829 0.85716307
vt 0.00855052 0.90103030
vt 0.30664667 0.96055001
vt 0.30273521 0.93835425
vt 0.02516291 0.97407138
vt 0.02883785 0.99644130
vt 0.50365710 0.91746187
vt 0.50998485 0.90729862
vt 0.43992490 0.90781850
vt 0.44536567 0.91760355
vt 0.51948512 0.85852033
vt 0.43013939 0.86046225
vt 0.43080726 0.88336486
vt 0.51932704 0.88167977
vt 0.43103525 0.85772938
vt 0.51874423 0.85566580
vt 0.51390857 0.84714961
vt 0.43471012 0.84987152
vt 0.50285220 0.91962916
vt 0.44633353 0.91994560
vt 0.44696912 0.94252729
vt 0.50276709 0.94215804
vt 0.60129428 0.92741895
vt 0.62179738 0.93178993
vt 0.61843425 0.92127407
vt 0.59813249 0.91624790
vt 0.61653173 0.89516544
vt 0.62039876 0.87242520
vt 0.60018712 0.86740673
vt 0.59659082 0.89003086
vt 0.62118876 0.87008494
vt 0.62760282 0.86394298
vt 0.60733885 0.85806608
vt 0.60080147 0.86482328
vt 0.61681616 0.95609587
vt 0.62171918 0.93404281
vt 0.60126406 0.92973846
vt 0.59645027 0.95183408
vt 0.03419644 0.49529755
vt 0.03449556 0.52098870
vt 0.03608742 0.52293599
vt 0.05380394 0.52260911
vt 0.05534978 0.52060378
vt 0.05505047 0.49491268
vt 0.05345881 0.49296546
vt 0.04626187 0.49309802
vt 0.03574232 0.49329245
vt 0.14370197 0.54986125
vt 0.14389801 0.52416801
vt 0.14234331 0.52217400
vt 0.13063465 0.52203178
vt 0.12262413 0.52193522
vt 0.12104005 0.52389252
vt 0.12084444 0.54958504
vt 0.12239832 0.55158037
vt 0.14211796 0.55181873
vt 0.36529058 0.92473030
vt 0.36616790 0.91407824
vt 0.34696597 0.91858500
vt 0.34478027 0.92869484
vt 0.36238137 0.86728287
vt 0.34386966 0.87059379
vt 0.34735245 0.89337534
vt 0.36520654 0.88966060
vt 0.34336594 0.86797988
vt 0.36200732 0.86480784
vt 0.35917017 0.85740101
vt 0.33857962 0.86171925
vt 0.36555284 0.92724323
vt 0.34496528 0.93095237
vt 0.34908131 0.95311850
vt 0.36935046 0.94957459
vt 0.38481951 0.92182153
vt 0.38412130 0.91101974
vt 0.40412530 0.91971999
vt 0.40172923 0.90907943
vt 0.42404541 0.91828108
vt 0.41999736 0.90806913
vt 0.37927175 0.86538351
vt 0.38149068 0.88725156
vt 0.39543867 0.86366999
vt 0.39718279 0.88552284
vt 0.41203359 0.86194623
vt 0.41330725 0.88425440
vt 0.37918964 0.86354935
vt 0.37812901 0.85610914
vt 0.39568341 0.86189091
vt 0.39614210 0.85430121
vt 0.41257831 0.85979533
vt 0.41464719 0.85209674
vt 0.38522255 0.92435127
vt 0.38832775 0.94677991
vt 0.40468681 0.92221224
vt 0.40695170 0.94472682
vt 0.42478040 0.92073464
vt 0.42620203 0.94332159
vt 0.52477956 0.91745317
vt 0.52939445 0.90643150
vt 0.53704190 0.85979331
vt 0.53615803 0.88188446
vt 0.53649414 0.85790670
vt 0.53358597 0.84935975
vt 0.52411467 0.91988033
vt 0.52320063 0.94248748
vt 0.54391825 0.91834688
vt 0.54651058 0.90668303
vt 0.56222683 0.92017025
vt 0.56270534 0.90822381
vt 0.58099282 0.92316782
vt 0.57941622 0.91151255
vt 0.55227357 0.86127341
vt 0.55089754 0.88266486
vt 0.56681550 0.86249804
vt 0.56490582 0.88387269
vt 0.58240300 0.86374497
vt 0.57964826 0.88607115
vt 0.55197126 0.86000758
vt 0.55106288 0.85150790
vt 0.56685430 0.86116904
vt 0.56790006 0.85278064
vt 0.58273602 0.86139929
vt 0.58620578 0.85307574
vt 0.54339653 0.92089278
vt 0.54143190 0.94345939
vt 0.56185561 0.92274952
vt 0.55876637 0.94519949
vt 0.58079821 0.92562902
vt 0.57667476 0.94782531
vt 0.34864631 0.89999163
vt 0.34830832 0.89722604
vt 0.30436966 0.90665340
vt 0.30501428 0.90948194
vt 0.51879174 0.88838273
vt 0.51944959 0.88565665
vt 0.43087965 0.88712060
vt 0.43178874 0.88972652
vt 0.90472943 0.94574887
vt 0.63605386 0.90346396
vt 0.63559169 0.90652430
vt 0.90295315 0.94841200
vt 0.41344303 0.88755697
vt 0.41402861 0.88981670
vt 0.36626175 0.89519429
vt 0.36599576 0.89287186
vt 0.38238212 0.89217091
vt 0.38205779 0.89014840
vt 0.39793307 0.89042073
vt 0.39750168 0.88842362
vt 0.53578436 0.88706797
vt 0.53621125 0.88497025
vt 0.57883972 0.88906550
vt 0.57861626 0.89117855
vt 0.59537220 0.89625734
vt 0.59559751 0.89365619
vt 0.56437147 0.88631856
vt 0.56412524 0.88803875
vt 0.55069309 0.88516206
vt 0.55038112 0.88683391
vt 0.34336594 0.86797988
vt 0.29954237 0.87742764
vt 0.51874423 0.85566580
vt 0.43103525 0.85772938
vt 0.90882325 0.91603631
vt 0.64171791 0.87388039
vt 0.64101619 0.87643486
vt 0.90953010 0.91910923
vt 0.41257831 0.85979533
vt 0.36200732 0.86480784
vt 0.37918964 0.86354935
vt 0.39568341 0.86189091
vt 0.53649414 0.85790670
vt 0.58273602 0.86139929
vt 0.60080147 0.86482328
vt 0.56685430 0.86116904
vt 0.55197126 0.86000758
vt 0.30782953 0.96266848
vt 0.35031644 0.95523709
vt 0.50374371 0.94440818
vt 0.44623673 0.94486111
vt 0.88419211 0.99709016
vt 0.63716388 0.96020299
vt 0.63573664 0.96222299
vt 0.88393450 0.99949998
vt 0.42580017 0.94574153
vt 0.37031209 0.95183730
vt 0.38886964 0.94918060
vt 0.40701002 0.94718355
vt 0.59503955 0.95388281
vt 0.57557666 0.94997787
vt 0.52378446 0.94486284
vt 0.54145759 0.94591379
vt 0.55817920 0.94758916
vt 0.34531373 0.91512901
vt 0.34864631 0.89999163
vt 0.30501428 0.90948194
vt 0.30208802 0.92345607
vt 0.50952542 0.90344328
vt 0.51879174 0.88838273
vt 0.43178874 0.88972652
vt 0.43975252 0.90399623
vt 0.90295315 0.94841200
vt 0.63559169 0.90652430
vt 0.64053071 0.92198777
vt 0.89663988 0.96059787
vt 0.36488670 0.91071522
vt 0.36626175 0.89519429
vt 0.38329098 0.90772188
vt 0.38238212 0.89217091
vt 0.40132749 0.90574098
vt 0.39793307 0.89042073
vt 0.41402861 0.88981670
vt 0.41991156 0.90457976
vt 0.52904660 0.90298057
vt 0.53578436 0.88706797
vt 0.54666728 0.90346998
vt 0.55038112 0.88683391
vt 0.56412524 0.88803875
vt 0.56351835 0.90504110
vt 0.57861626 0.89117855
vt 0.58086002 0.90820068
vt 0.59537220 0.89625734
vt 0.59987748 0.91286790
vt 0.16522965 0.54787278
vt 0.15472762 0.54708421
vt 0.15454087 0.55103004
vt 0.16504298 0.55181873
vt 0.30389884 0.92690820
vt 0.30208802 0.92345607
vt 0.01517142 0.96175474
vt 0.01700054 0.96528965
vt 0.34696597 0.91858500
vt 0.36616790 0.91407824
vt 0.36488670 0.91071522
vt 0.34531373 0.91512901
vt 0.38412130 0.91101974
vt 0.38329098 0.90772188
vt 0.40172923 0.90907943
vt 0.40132749 0.90574098
vt 0.41999736 0.90806913
vt 0.41991156 0.90457976
vt 0.43992490 0.90781850
vt 0.43975252 0.90399623
vt 0.50998485 0.90729862
vt 0.50952542 0.90344328
vt 0.52939445 0.90643150
vt 0.52904660 0.90298057
vt 0.54651058 0.90668303
vt 0.54666728 0.90346998
vt 0.56270534 0.90822381
vt 0.56351835 0.90504110
vt 0.57941622 0.91151255
vt 0.58086002 0.90820068
vt 0.59813249 0.91624790
vt 0.59987748 0.91286790
vt 0.61843425 0.92127407
vt 0.62008590 0.91788274
vt 0.14237434 0.51822162
vt 0.13066502 0.51807892
vt 0.14393035 0.52021503
vt 0.63732165 0.89934766
vt 0.90597600 0.94192487
vt 0.16689193 0.54602110
vt 0.16670522 0.54996705
vt 0.64198470 0.93590963
vt 0.89021134 0.97242379
vt 0.89488119 0.96416157
vt 0.63885462 0.92563140
vt 0.90882325 0.91603631
vt 0.90653300 0.89393520
vt 0.65813118 0.85284954
vt 0.65208399 0.85875607
vt 0.64713168 0.86744845
vt 0.64171791 0.87388039
vt 0.88834059 0.97478497
vt 0.64162844 0.93808597
vt 0.61536562 0.89918530
vt 0.61509430 0.90199381
vt 0.62118876 0.87008494
vt 0.61540383 0.95804316
vt 0.61509430 0.90199381
vt 0.62008590 0.91788274
vt 0.89488119 0.96416157
vt 0.89663988 0.96059787
vt 0.64053071 0.92198777
vt 0.63885462 0.92563140
vt 0.00489891 0.94954133
vt 0.00704055 0.95203632
vt 0.00167896 0.91992486
vt 0.02862404 0.99881083
vt 0.00704055 0.95203632
vt 0.01517142 0.96175474
vt 0.50352210 0.82997739
vt 0.44269374 0.83250046
vt 0.43918657 0.84011865
vt 0.50863194 0.83808374
vt 0.63648665 0.84643376
vt 0.62955034 0.85214627
vt 0.35371026 0.84040427
vt 0.33098257 0.84483725
vt 0.33626103 0.85075909
vt 0.35732546 0.84733349
vt 0.37546232 0.83823818
vt 0.37686780 0.84616548
vt 0.39690098 0.83626187
vt 0.39662430 0.84432387
vt 0.41710302 0.84223735
vt 0.41907945 0.83433181
vt 0.52739793 0.83107549
vt 0.53045589 0.83992958
vt 0.54926682 0.83254981
vt 0.55006230 0.84183329
vt 0.57013994 0.83383846
vt 0.56868333 0.84307021
vt 0.58701980 0.84312880
vt 0.59153813 0.83532828
vt 0.60731614 0.84666109
vt 0.61421853 0.84015560
vt 0.33857962 0.86171925
vt 0.29582039 0.87174398
vt 0.29954237 0.87742764
vt 0.29954237 0.87742764
vt 0.34336594 0.86797988
vt 0.33857962 0.86171925
vt 0.02462480 0.67028320
vt 0.02463963 0.69725239
vt 0.05942197 0.69724059
vt 0.05937999 0.64331746
vt 0.02461095 0.64331257
vt 0.02465363 0.71054649
vt 0.05945067 0.71051610
vt 0.05942197 0.69724059
vt 0.02463963 0.69725239
vt 0.02457882 0.60532272
vt 0.05935273 0.60532200
vt 0.05934787 0.58059347
vt 0.02457268 0.58059525
vt 0.02458983 0.61861944
vt 0.05936141 0.61862022
vt 0.05935273 0.60532200
vt 0.02457882 0.60532272
vt 0.05936141 0.61862022
vt 0.02458983 0.61861944
vt 0.71293962 0.40922743
vt 0.75625044 0.40922844
vt 0.75625044 0.38397104
vt 0.71293962 0.38397008
vt 0.71293962 0.42253697
vt 0.75625020 0.42253792
vt 0.75625044 0.40922844
vt 0.71293962 0.40922743
vt 0.71293950 0.44784993
vt 0.75625008 0.44785058
vt 0.75625020 0.42253792
vt 0.71293962 0.42253697
vt 0.71293908 0.50367987
vt 0.75624990 0.50368047
vt 0.71294004 0.32708132
vt 0.75625080 0.32708234
vt 0.75625080 0.31377274
vt 0.71294016 0.31377178
vt 0.75625080 0.32708234
vt 0.71294004 0.32708132
vt 0.19709192 0.35016519
vt 0.19732620 0.14426893
vt 0.19702154 0.41235530
vt 0.19702758 0.40684694
vt 0.83159137 0.54080772
vt 0.83159155 0.85508645
vt 0.95162821 0.50749147
vt 0.83159137 0.50749147
vt 0.83159137 0.54080772
vt 0.95162821 0.54080772
vt 0.04519856 0.36136413
vt 0.01869233 0.36147726
vt 0.19707882 0.36156523
vt 0.04521731 0.37260503
vt 0.01875580 0.37258965
vt 0.04521043 0.38371623
vt 0.01876661 0.38357580
vt 0.04516826 0.39497584
vt 0.01870320 0.39473963
vt 0.19706598 0.37290132
vt 0.19705330 0.38410145
vt 0.19704041 0.39544028
vt 0.62965393 0.16794914
vt 0.63639438 0.19250619
vt 0.63663727 0.21837586
vt 0.63639438 0.19250619
vt 0.63052297 0.24331367
vt 0.63225037 0.23633999
vt 0.63487786 0.22535419
vt 0.63663727 0.21837586
vt 0.62965393 0.16794914
vt 0.62993985 0.14197361
vt 0.78892928 0.19129032
vt 0.78914434 0.21718961
vt 0.81417274 0.21698010
vt 0.81395352 0.19108325
vt 0.82285744 0.21690714
vt 0.82766247 0.21686602
vt 0.82744294 0.19096810
vt 0.82263809 0.19100928
vt 0.81897783 0.21693933
vt 0.81875795 0.19104224
vt 0.81661409 0.14195782
vt 0.81662732 0.16784889
vt 0.82087797 0.14195549
vt 0.82089132 0.16784728
vt 0.39522979 0.69623196
vt 0.51526660 0.69623196
vt 0.51526660 0.68181372
vt 0.39522979 0.68181372
vt 0.39522979 0.47155309
vt 0.51526660 0.47155309
vt 0.51526660 0.27255136
vt 0.39522979 0.27255136
vt 0.39522979 0.48491001
vt 0.51526660 0.48491001
vt 0.51526660 0.47155309
vt 0.39522979 0.47155309
vt 0.39522979 0.68181372
vt 0.51526660 0.68181372
vt 0.51526660 0.48491001
vt 0.39522979 0.48491001
vt 0.05934428 0.52756405
vt 0.02456889 0.52756572
vt 0.02457031 0.55408144
vt 0.11338504 0.60536611
vt 0.11339055 0.58063054
vt 0.07332212 0.58062249
vt 0.07331720 0.60535699
vt 0.11337171 0.61867875
vt 0.11338504 0.60536611
vt 0.07331720 0.60535699
vt 0.07330465 0.61866701
vt 0.11334497 0.64339948
vt 0.11337171 0.61867875
vt 0.07330465 0.61866701
vt 0.07327802 0.64338744
vt 0.85394633 0.40922940
vt 0.85394657 0.38397223
vt 0.85394633 0.42253852
vt 0.85394633 0.40922940
vt 0.85394633 0.44785112
vt 0.85394633 0.42253852
vt 0.85394633 0.50368094
vt 0.85394681 0.32708377
vt 0.85394681 0.31377441
vt 0.85394681 0.32708377
vt 0.00084690 0.40520841
vt 0.00067884 0.41083187
vt 0.00955842 0.41121817
vt 0.00968459 0.40574521
vt 0.01837391 0.43793875
vt 0.04498298 0.43817216
vt 0.04499511 0.42936486
vt 0.01837411 0.42909330
vt 0.19699149 0.43887246
vt 0.19700152 0.43003476
vt 0.04514610 0.13506478
vt 0.01716701 0.13615012
vt 0.01964010 0.14452451
vt 0.04546366 0.14406025
vt 0.00664390 0.14227837
vt 0.00082243 0.35032809
vt 0.00968874 0.35038447
vt 0.01263183 0.14579070
vt 0.00107107 0.36175275
vt 0.00986741 0.36156392
vt 0.00119418 0.37267357
vt 0.00997086 0.37260717
vt 0.00123821 0.38339525
vt 0.01000620 0.38348269
vt 0.00118687 0.39418447
vt 0.00995105 0.39451861
vt 0.01827846 0.46077567
vt 0.01830054 0.45564049
vt 0.00945047 0.45559943
vt 0.00943113 0.46074241
vt 0.00943935 0.42894876
vt 0.00949824 0.43788862
vt 0.00968459 0.40574521
vt 0.00955842 0.41121817
vt 0.00995105 0.39451861
vt 0.01000620 0.38348269
vt 0.00997086 0.37260717
vt 0.00986741 0.36156392
vt 0.00968874 0.35038447
vt 0.01263183 0.14579070
vt 0.00664390 0.14227837
vt 0.01263183 0.14579070
vt 0.01742551 0.71506810
vt 0.01813386 0.50955647
vt 0.00928692 0.50952750
vt 0.00857842 0.71503752
vt 0.01816564 0.49938118
vt 0.00931839 0.49935454
vt 0.01819250 0.48982936
vt 0.00934510 0.48980451
vt 0.01821750 0.48049533
vt 0.00937047 0.48047048
vt 0.01824500 0.47094625
vt 0.00939765 0.47091860
vt 0.04490145 0.45585215
vt 0.04498298 0.43817216
vt 0.01837391 0.43793875
vt 0.19697133 0.45656288
vt 0.19699149 0.43887246
vt 0.01837411 0.42909330
vt 0.04499511 0.42936486
vt 0.00943935 0.42894876
vt 0.00050000 0.42871469
vt 0.00943935 0.42894876
vt 0.00949824 0.43788862
vt 0.16563559 0.58066642
vt 0.16563444 0.55414844
vt 0.12740204 0.55414587
vt 0.12740295 0.58066332
vt 0.16563700 0.60540563
vt 0.12740329 0.60540223
vt 0.16563809 0.61872411
vt 0.16563700 0.60540563
vt 0.12740329 0.60540223
vt 0.12740426 0.61871994
vt 0.16563860 0.64345479
vt 0.16563809 0.61872411
vt 0.12740426 0.61871994
vt 0.12741059 0.64345133
vt 0.07289798 0.69404936
vt 0.11360658 0.67370999
vt 0.16562404 0.68375981
vt 0.16563147 0.67045486
vt 0.12743694 0.67047298
vt 0.12745833 0.68379927
vt 0.11447877 0.68692255
vt 0.11360658 0.67370999
vt 0.07289798 0.69404936
vt 0.07385740 0.70727336
vt 0.11370292 0.55083722
vt 0.07300952 0.53086686
vt 0.11819710 0.55266929
vt 0.11805841 0.58064264
vt 0.11805488 0.60537946
vt 0.11805488 0.60537946
vt 0.11804652 0.61869383
vt 0.11804652 0.61869383
vt 0.11803360 0.64341468
vt 0.12278393 0.67078865
vt 0.12743694 0.67047298
vt 0.12272833 0.64343369
vt 0.12301504 0.68407285
vt 0.12278393 0.67078865
vt 0.12276419 0.55377251
vt 0.12272981 0.58065391
vt 0.12272839 0.60539150
vt 0.12272839 0.60539150
vt 0.12272622 0.61870813
vt 0.12272622 0.61870813
vt 0.11815999 0.67188418
vt 0.11874098 0.68515098
vt 0.11815999 0.67188418
vt 0.06400617 0.69693696
vt 0.06426328 0.71023864
vt 0.06400517 0.58060002
vt 0.06400675 0.60533047
vt 0.06400675 0.60533047
vt 0.06400938 0.61863315
vt 0.06400938 0.61863315
vt 0.06401689 0.64333975
vt 0.06400617 0.69693696
vt 0.06396807 0.52793360
vt 0.06847995 0.69585276
vt 0.06912194 0.70911264
vt 0.06866234 0.58061004
vt 0.06866018 0.60534292
vt 0.06866018 0.60534292
vt 0.06865428 0.61865056
vt 0.06865428 0.61865056
vt 0.06864308 0.64336610
vt 0.06847995 0.69585276
vt 0.06852237 0.52903569
vt 0.19732620 0.14426893
vt 0.19733626 0.13541138
vt 0.19700152 0.43003476
vt 0.16563147 0.67045486
vt 0.42916283 0.78266299
vt 0.42444673 0.78166580
vt 0.39934441 0.78145862
vt 0.43176356 0.78555965
vt 0.43224955 0.79035491
vt 0.39620799 0.80495656
vt 0.42213187 0.80497044
vt 0.42703849 0.80401671
vt 0.43021128 0.80114639
vt 0.43165019 0.79636025
vt 0.42762882 0.73338091
vt 0.42273864 0.73234582
vt 0.39681709 0.73193383
vt 0.43075317 0.73630351
vt 0.43211296 0.74111319
vt 0.39758375 0.73852539
vt 0.39879090 0.74888313
vt 0.39956018 0.75547874
vt 0.42466572 0.75568819
vt 0.42939726 0.75476938
vt 0.43204591 0.75191629
vt 0.43261153 0.74712884
vt 0.39620081 0.83093017
vt 0.42211956 0.83094156
vt 0.42213187 0.80497044
vt 0.39620799 0.80495656
vt 0.69058478 0.51877779
vt 0.66961509 0.54249060
vt 0.66961509 0.80012661
vt 0.68085855 0.84369719
vt 0.68718278 0.85156888
vt 0.69058478 0.85508668
vt 0.67593938 0.83461756
vt 0.67242569 0.82432938
vt 0.67031759 0.81283242
vt 0.34901425 0.35040075
vt 0.37558368 0.35071576
vt 0.37501162 0.14492869
vt 0.34918883 0.14440590
vt 0.69058478 0.85508668
vt 0.71155483 0.85508668
vt 0.71155483 0.54080772
vt 0.69058478 0.51877779
vt 0.44242379 0.83095068
vt 0.44243610 0.80497926
vt 0.43640250 0.80497658
vt 0.43639120 0.83094800
vt 0.37556154 0.41185987
vt 0.37550876 0.40643173
vt 0.34895775 0.40665352
vt 0.34896976 0.41208804
vt 0.11543394 0.78037417
vt 0.10456633 0.81071377
vt 0.12866725 0.80813229
vt 0.14481592 0.78012449
vt 0.11632019 0.75038552
vt 0.11543394 0.78037417
vt 0.14481592 0.78012449
vt 0.14546600 0.75179315
vt 0.10787127 0.71874392
vt 0.11632019 0.75038552
vt 0.14546600 0.75179315
vt 0.13071433 0.72386134
vt 0.10456633 0.81071377
vt 0.10617008 0.83492982
vt 0.13044402 0.83331609
vt 0.12866725 0.80813229
vt 0.08798680 0.77974713
vt 0.08391108 0.81228662
vt 0.06172793 0.77911544
vt 0.06405620 0.81185001
vt 0.03504164 0.77871388
vt 0.04357827 0.80960029
vt 0.00771916 0.77688265
vt 0.01997222 0.80556393
vt 0.08880322 0.74876189
vt 0.08798680 0.77974713
vt 0.06228290 0.74885714
vt 0.06172793 0.77911544
vt 0.03498982 0.74970317
vt 0.03504164 0.77871388
vt 0.00794133 0.75151777
vt 0.00771916 0.77688265
vt 0.08676320 0.71522868
vt 0.08880322 0.74876189
vt 0.06522374 0.71454167
vt 0.06228290 0.74885714
vt 0.04325321 0.71766663
vt 0.03498982 0.74970317
vt 0.00337500 0.72733557
vt 0.00794133 0.75151777
vt 0.08391108 0.81228662
vt 0.08410775 0.83583152
vt 0.06405620 0.81185001
vt 0.06261130 0.83556253
vt 0.04357827 0.80960029
vt 0.04039073 0.83319980
vt 0.01997222 0.80556393
vt 0.00050000 0.82725048
vt 0.29901683 0.02750272
vt 0.01811317 0.02809185
vt 0.01289095 0.03584039
vt 0.30169237 0.03620589
vt 0.30286893 0.05935079
vt 0.00084533 0.05928081
vt 0.00050000 0.08232170
vt 0.30189678 0.08237946
vt 0.00200545 0.08516663
vt 0.01214348 0.10293460
vt 0.29346862 0.10701346
vt 0.29664555 0.10100991
vt 0.29896438 0.09109205
vt 0.30192429 0.08496666
vt 0.30037427 0.00293428
vt 0.02051633 0.00291538
vt 0.02006032 0.02544892
vt 0.29935592 0.02541417
vt 0.50357682 0.03511262
vt 0.44495365 0.03545642
vt 0.43964654 0.04531586
vt 0.50977218 0.04518265
vt 0.51871878 0.09308815
vt 0.51873565 0.07010204
vt 0.43053678 0.07007891
vt 0.43016085 0.09301829
vt 0.43096587 0.09580475
vt 0.43470362 0.10359675
vt 0.51292288 0.10406494
vt 0.51789063 0.09572446
vt 0.50280112 0.03300387
vt 0.50286478 0.01054442
vt 0.44610381 0.01062036
vt 0.44591910 0.03314149
vt 0.60349017 0.03126937
vt 0.59932309 0.04199904
vt 0.62010622 0.03919250
vt 0.62452686 0.02905899
vt 0.61581171 0.06474346
vt 0.59570795 0.06782925
vt 0.59692717 0.09081149
vt 0.61711550 0.08760536
vt 0.61751395 0.08994138
vt 0.59729791 0.09353632
vt 0.60316974 0.10080034
vt 0.62323630 0.09661484
vt 0.62268198 0.00440186
vt 0.60128886 0.00653416
vt 0.60363686 0.02895707
vt 0.62472355 0.02683026
vt 0.26529399 0.52379501
vt 0.26686296 0.52181852
vt 0.26686123 0.49612468
vt 0.26529205 0.49414843
vt 0.24757385 0.49415040
vt 0.24600480 0.49612695
vt 0.24600650 0.52182055
vt 0.25809631 0.52379578
vt 0.24757618 0.52379662
vt 0.18018097 0.51821697
vt 0.17861164 0.52019358
vt 0.17860976 0.54588974
vt 0.18017912 0.54786599
vt 0.18819074 0.54786527
vt 0.19989766 0.54786384
vt 0.20146695 0.54588932
vt 0.20147222 0.52019620
vt 0.19990321 0.51821923
vt 0.36332858 0.03235906
vt 0.34232634 0.03017813
vt 0.34538421 0.03991961
vt 0.36497319 0.04283196
vt 0.36429125 0.08961022
vt 0.36548245 0.06706804
vt 0.34755382 0.06468946
vt 0.34605101 0.08761764
vt 0.34584099 0.09024704
vt 0.34159040 0.09684199
vt 0.36173946 0.09987140
vt 0.36409438 0.09222591
vt 0.36338541 0.02987659
vt 0.36531749 0.00738639
vt 0.34410188 0.00558013
vt 0.34229425 0.02797961
vt 0.38327324 0.03387946
vt 0.38322139 0.04461551
vt 0.40296057 0.03487563
vt 0.40107059 0.04553187
vt 0.41954178 0.04573697
vt 0.42325127 0.03543168
vt 0.38078448 0.09020114
vt 0.38171646 0.06826514
vt 0.39648363 0.09095103
vt 0.39730766 0.06905043
vt 0.41257465 0.09197301
vt 0.41326767 0.06964850
vt 0.38025579 0.09964967
vt 0.38078019 0.09210467
vt 0.39764658 0.10041654
vt 0.39678147 0.09278423
vt 0.41313243 0.09416437
vt 0.41543937 0.10185581
vt 0.38351330 0.03137344
vt 0.38507742 0.00886762
vt 0.40340871 0.03239661
vt 0.40444183 0.00987244
vt 0.42392984 0.03298527
vt 0.42446107 0.01043642
vt 0.52510637 0.03550488
vt 0.52934617 0.04651356
vt 0.53561735 0.09254307
vt 0.53545177 0.07055569
vt 0.53178924 0.10278147
vt 0.53507286 0.09439600
vt 0.52450770 0.03314060
vt 0.52436984 0.01060790
vt 0.54464126 0.03543979
vt 0.54664069 0.04706120
vt 0.56337589 0.03480071
vt 0.56306344 0.04656756
vt 0.58014184 0.04489619
vt 0.58262885 0.03347224
vt 0.55027515 0.09195334
vt 0.55005491 0.07062334
vt 0.56420732 0.09183705
vt 0.56399369 0.07039601
vt 0.57925946 0.09233183
vt 0.57873601 0.07001084
vt 0.54848385 0.10170728
vt 0.54996282 0.09323728
vt 0.56426066 0.09324121
vt 0.56455970 0.10174632
vt 0.57950133 0.09474897
vt 0.58221149 0.10347158
vt 0.54423743 0.03295296
vt 0.54356205 0.01041150
vt 0.56315190 0.03227174
vt 0.56179726 0.00974143
vt 0.58258027 0.03099990
vt 0.58056468 0.00851572
vt 0.34844032 0.05809653
vt 0.30432439 0.05254227
vt 0.30374467 0.05521363
vt 0.34822920 0.06081474
vt 0.51836014 0.06370687
vt 0.43164900 0.06359410
vt 0.43067333 0.06626719
vt 0.51895517 0.06621617
vt 0.90727270 0.05806601
vt 0.90554690 0.05466598
vt 0.63566446 0.05500829
vt 0.63594097 0.05802327
vt 0.41398102 0.06407440
vt 0.41338205 0.06633157
vt 0.36626694 0.06152153
vt 0.36608994 0.06383097
vt 0.38246301 0.06336147
vt 0.38217959 0.06535912
vt 0.39797607 0.06413913
vt 0.39756262 0.06612724
vt 0.53555816 0.06762618
vt 0.53515291 0.06568605
vt 0.57804823 0.06705707
vt 0.59498423 0.06410146
vt 0.59489906 0.06152028
vt 0.57785743 0.06493169
vt 0.56350553 0.06797695
vt 0.56325239 0.06644809
vt 0.54990602 0.06825268
vt 0.54959875 0.06671464
vt 0.34584099 0.09024704
vt 0.30192429 0.08496666
vt 0.43096587 0.09580475
vt 0.51789063 0.09572446
vt 0.90732145 0.08866459
vt 0.90853053 0.08557791
vt 0.63755667 0.08570272
vt 0.63780296 0.08840638
vt 0.41313243 0.09416437
vt 0.36409438 0.09222591
vt 0.38078019 0.09210467
vt 0.39678147 0.09278423
vt 0.53507286 0.09439600
vt 0.57950133 0.09474897
vt 0.59729791 0.09353632
vt 0.56426066 0.09324121
vt 0.54996282 0.09323728
vt 0.33615106 0.11690432
vt 0.33700460 0.11475950
vt 0.29305226 0.10935682
vt 0.50254726 0.12110192
vt 0.44309595 0.12067139
vt 0.44388586 0.12294799
vt 0.50165308 0.12333256
vt 0.89343703 0.00287247
vt 0.89364696 0.00049996
vt 0.64354205 0.00059164
vt 0.64420325 0.00285959
vt 0.42059225 0.11949760
vt 0.42107573 0.12189430
vt 0.35868943 0.11717325
vt 0.35809690 0.11939383
vt 0.37927514 0.11772311
vt 0.37909144 0.12015206
vt 0.39958599 0.11847621
vt 0.39976400 0.12092441
vt 0.60604757 0.11879492
vt 0.58448023 0.12129694
vt 0.58509016 0.12339246
vt 0.60703456 0.12085682
vt 0.52488661 0.12078929
vt 0.52427143 0.12312841
vt 0.54520601 0.12058198
vt 0.54489511 0.12302393
vt 0.56458646 0.12084126
vt 0.56469572 0.12325585
vt 0.34396371 0.04341608
vt 0.30008459 0.03947371
vt 0.30432439 0.05254227
vt 0.34844032 0.05809653
vt 0.50926870 0.04886383
vt 0.43944722 0.04917425
vt 0.43164900 0.06359410
vt 0.51836014 0.06370687
vt 0.90554690 0.05466598
vt 0.90075010 0.04106414
vt 0.64225024 0.04055858
vt 0.63566446 0.05500829
vt 0.36388940 0.04621571
vt 0.36626694 0.06152153
vt 0.38253421 0.04788399
vt 0.38246301 0.06336147
vt 0.40076801 0.04879671
vt 0.39797607 0.06413913
vt 0.41398102 0.06407440
vt 0.41949582 0.04920381
vt 0.52894181 0.04977053
vt 0.53515291 0.06568605
vt 0.54669428 0.05011249
vt 0.54959875 0.06671464
vt 0.56325239 0.06644809
vt 0.56373620 0.04966682
vt 0.57785743 0.06493169
vt 0.58140069 0.04825974
vt 0.59489906 0.06152028
vt 0.60082442 0.04549438
vt 0.24757430 0.52774984
vt 0.25809637 0.52774918
vt 0.30169237 0.03620589
vt 0.01289095 0.03584039
vt 0.01122326 0.04025578
vt 0.30008459 0.03947371
vt 0.34538421 0.03991961
vt 0.34396371 0.04341608
vt 0.36388940 0.04621571
vt 0.36497319 0.04283196
vt 0.38253421 0.04788399
vt 0.38322139 0.04461551
vt 0.40076801 0.04879671
vt 0.40107059 0.04553187
vt 0.41949582 0.04920381
vt 0.41954178 0.04573697
vt 0.43944722 0.04917425
vt 0.43964654 0.04531586
vt 0.50926870 0.04886383
vt 0.50977218 0.04518265
vt 0.52894181 0.04977053
vt 0.52934617 0.04651356
vt 0.54669428 0.05011249
vt 0.54664069 0.04706120
vt 0.56373620 0.04966682
vt 0.56306344 0.04656756
vt 0.58140069 0.04825974
vt 0.58014184 0.04489619
vt 0.60082442 0.04549438
vt 0.59932309 0.04199904
vt 0.62145746 0.04269254
vt 0.62010622 0.03919250
vt 0.18819122 0.55181873
vt 0.19989952 0.55181575
vt 0.20147045 0.54984134
vt 0.63685018 0.06242216
vt 0.90828079 0.06234717
vt 0.24600263 0.52577472
vt 0.64521974 0.02740639
vt 0.64088684 0.03694791
vt 0.89920890 0.03689349
vt 0.89562768 0.02787405
vt 0.64218682 0.09552723
vt 0.64507782 0.10515493
vt 0.64948690 0.11203378
vt 0.90146112 0.11020255
vt 0.90732145 0.08866459
vt 0.63780296 0.08840638
vt 0.64518547 0.02533317
vt 0.89409983 0.02531737
vt 0.61502862 0.05798376
vt 0.61508518 0.06078154
vt 0.61751395 0.08994138
vt 0.62873566 0.11723161
vt 0.64933509 0.11440527
vt 0.62776548 0.11513019
vt 0.62145746 0.04269254
vt 0.61502862 0.05798376
vt 0.89920890 0.03689349
vt 0.64088684 0.03694791
vt 0.64225024 0.04055858
vt 0.90075010 0.04106414
vt 0.00192711 0.05519819
vt 0.00410295 0.05186516
vt 0.00200545 0.08516663
vt 0.01350924 0.10527331
vt 0.00410295 0.05186516
vt 0.01122326 0.04025578
vt 0.50757766 0.11303604
vt 0.43935978 0.11322373
vt 0.62193328 0.10855442
vt 0.36127737 0.11010444
vt 0.34141731 0.10840678
vt 0.37989950 0.10969460
vt 0.39875260 0.11041236
vt 0.41828784 0.11166185
vt 0.52826101 0.11207771
vt 0.54674035 0.11133808
vt 0.56421393 0.11151403
vt 0.58129239 0.11337852
vt 0.60012078 0.11168206
vt 0.29896438 0.09109205
vt 0.27186242 0.69736284
vt 0.30661541 0.69735909
vt 0.30664605 0.67037374
vt 0.27189445 0.64339137
vt 0.30666023 0.64338917
vt 0.30658379 0.71066970
vt 0.30661541 0.69735909
vt 0.27186242 0.69736284
vt 0.27172053 0.71067333
vt 0.30669102 0.60536718
vt 0.30669466 0.58063531
vt 0.27191997 0.58064020
vt 0.27191734 0.60537279
vt 0.30668133 0.61867452
vt 0.30669102 0.60536718
vt 0.27191734 0.60537279
vt 0.27191004 0.61867964
vt 0.30668133 0.61867452
vt 0.27191004 0.61867964
vt 0.99495369 0.40922940
vt 0.99495369 0.38397199
vt 0.95164293 0.38397199
vt 0.95164293 0.40922940
vt 0.99495322 0.42253840
vt 0.99495369 0.40922940
vt 0.95164293 0.40922940
vt 0.95164293 0.42253852
vt 0.99495322 0.44785094
vt 0.99495322 0.42253840
vt 0.95164293 0.42253852
vt 0.95164293 0.44785094
vt 0.99495369 0.50368065
vt 0.95164293 0.50368071
vt 0.99495369 0.32708377
vt 0.99495369 0.31377441
vt 0.95164311 0.31377470
vt 0.95164311 0.32708389
vt 0.99495369 0.32708377
vt 0.95164311 0.32708389
vt 0.71155483 0.50749147
vt 0.71155483 0.54080772
vt 0.34895906 0.36170930
vt 0.37546507 0.36188298
vt 0.34891504 0.37295026
vt 0.37537646 0.37299508
vt 0.34889665 0.38406205
vt 0.37534043 0.38398135
vt 0.34891334 0.39532191
vt 0.37537873 0.39514548
vt 0.23957554 0.80487049
vt 0.24633744 0.78023857
vt 0.24633744 0.78023857
vt 0.24657851 0.75429130
vt 0.24044016 0.72928160
vt 0.24217436 0.73627543
vt 0.24481301 0.74729258
vt 0.24657851 0.75429130
vt 0.23985530 0.83093017
vt 0.23957554 0.80487049
vt 0.39934441 0.78145862
vt 0.42444673 0.78166580
vt 0.42466572 0.75568819
vt 0.39956018 0.75547874
vt 0.43337703 0.75576127
vt 0.43315828 0.78173876
vt 0.43797779 0.78177941
vt 0.43819633 0.75580186
vt 0.42948487 0.75572848
vt 0.42926684 0.78170645
vt 0.42711645 0.83094370
vt 0.42712933 0.80497253
vt 0.43139407 0.83094579
vt 0.43140581 0.80497414
vt 0.63530344 0.69623208
vt 0.63530344 0.68181372
vt 0.63530350 0.47155309
vt 0.63530350 0.27255148
vt 0.63530350 0.48491007
vt 0.63530350 0.47155309
vt 0.63530344 0.68181372
vt 0.63530350 0.48491007
vt 0.30669466 0.55412018
vt 0.30669335 0.52760410
vt 0.27191812 0.52760917
vt 0.21788591 0.60539925
vt 0.25795272 0.60538787
vt 0.25794610 0.58065283
vt 0.21787834 0.58066225
vt 0.21789928 0.61871362
vt 0.25796601 0.61869872
vt 0.25795272 0.60538787
vt 0.21788591 0.60539925
vt 0.21792512 0.64343935
vt 0.25799179 0.64341676
vt 0.25796601 0.61869872
vt 0.21789928 0.61871362
vt 0.39321113 0.40565515
vt 0.38437226 0.40617132
vt 0.38448608 0.41164553
vt 0.39336666 0.41127843
vt 0.37561065 0.43834656
vt 0.37563020 0.42950082
vt 0.34900901 0.42971218
vt 0.34900123 0.43851966
vt 0.34952697 0.13541138
vt 0.34918883 0.14440590
vt 0.37501162 0.14492869
vt 0.37750337 0.13655990
vt 0.38801268 0.14271235
vt 0.38201681 0.14621079
vt 0.38449383 0.35081089
vt 0.39336017 0.35077459
vt 0.38428986 0.36199015
vt 0.39308563 0.36219889
vt 0.38416103 0.37303293
vt 0.39293760 0.37311858
vt 0.38410127 0.38390791
vt 0.39286929 0.38384032
vt 0.38413131 0.39494455
vt 0.39289629 0.39462972
vt 0.37565809 0.46118820
vt 0.38450542 0.46116948
vt 0.38449532 0.45602655
vt 0.37564489 0.45605022
vt 0.38448626 0.43831587
vt 0.38456535 0.42937607
vt 0.38448608 0.41164553
vt 0.38437226 0.40617132
vt 0.38413131 0.39494455
vt 0.38410127 0.38390791
vt 0.38416103 0.37303293
vt 0.38428986 0.36199015
vt 0.38449383 0.35081089
vt 0.38201681 0.14621079
vt 0.38201681 0.14621079
vt 0.38801268 0.14271235
vt 0.37614182 0.71548712
vt 0.38498893 0.71546978
vt 0.38458946 0.50995821
vt 0.37574229 0.50997436
vt 0.38457164 0.49978447
vt 0.37572441 0.49979949
vt 0.38455600 0.49023306
vt 0.37570870 0.49024719
vt 0.38454118 0.48089778
vt 0.37569377 0.48091251
vt 0.38452530 0.47134525
vt 0.37567773 0.47136104
vt 0.37561065 0.43834656
vt 0.34900123 0.43851966
vt 0.34904265 0.45620000
vt 0.34900901 0.42971218
vt 0.37563020 0.42950082
vt 0.38456535 0.42937607
vt 0.38456535 0.42937607
vt 0.39350513 0.42916167
vt 0.38448626 0.43831587
vt 0.20386809 0.58066642
vt 0.20386633 0.55414891
vt 0.20387071 0.60540575
vt 0.20387167 0.61872411
vt 0.20387071 0.60540575
vt 0.20386969 0.64345300
vt 0.20387167 0.61872411
vt 0.21765684 0.67376268
vt 0.25837037 0.69406545
vt 0.20373140 0.68373919
vt 0.20385301 0.67044413
vt 0.21676742 0.68698311
vt 0.25739473 0.70727688
vt 0.25837037 0.69406545
vt 0.21765684 0.67376268
vt 0.25825396 0.53089786
vt 0.21756324 0.55086911
vt 0.21306957 0.55269271
vt 0.21321127 0.58066642
vt 0.21321736 0.60540468
vt 0.21321736 0.60540468
vt 0.21322669 0.61872160
vt 0.21322669 0.61872160
vt 0.21324167 0.64345193
vt 0.20851377 0.67083257
vt 0.20855229 0.64345562
vt 0.20385301 0.67044413
vt 0.20815051 0.68413055
vt 0.20851377 0.67083257
vt 0.20850368 0.55378616
vt 0.20854086 0.58066773
vt 0.20854461 0.60540670
vt 0.20854461 0.60540670
vt 0.20854893 0.61872530
vt 0.20854893 0.61872530
vt 0.21311334 0.67194128
vt 0.21247810 0.68521667
vt 0.21311334 0.67194128
vt 0.26729175 0.69697201
vt 0.26688612 0.71024895
vt 0.26726243 0.58064306
vt 0.26726341 0.60537577
vt 0.26726341 0.60537577
vt 0.26726294 0.61868215
vt 0.26726294 0.61868215
vt 0.26726043 0.64339101
vt 0.26729175 0.69697201
vt 0.26729447 0.52797580
vt 0.26279637 0.69586825
vt 0.26209435 0.70910853
vt 0.26260528 0.58064783
vt 0.26260969 0.60538113
vt 0.26260969 0.60538113
vt 0.26261711 0.61868918
vt 0.26261711 0.61868918
vt 0.26263136 0.64339948
vt 0.26279637 0.69586825
vt 0.26274037 0.52907276
f 1/1 2/2 3/3
f 3/3 4/4 5/5
f 3/3 5/5 6/6
f 3/3 6/6 7/7
f 1/1 3/3 7/7
f 8/8 1/1 7/7
f 9/9 8/8 7/7
f 10/10 9/9 7/7
f 11/11 12/12 13/13
f 11/11 13/13 14/14
f 11/11 14/14 15/15
f 16/16 11/11 15/15
f 17/17 16/16 15/15
f 18/18 17/17 15/15
f 19/19 18/18 15/15
f 20/20 19/19 15/15
f 21/21 20/20 15/15
f 22/22 21/21 15/15
f 23/23 24/24 25/25
f 25/25 26/26 23/23
f 27/27 28/28 29/29
f 27/27 29/29 30/30
f 27/27 30/30 31/31
f 27/27 31/31 32/32
f 27/27 32/32 33/33
f 34/34 27/27 33/33
f 34/34 33/33 35/35
f 36/36 37/37 38/38
f 38/38 39/39 36/36
f 40/40 41/41 42/42
f 42/42 43/43 40/40
f 44/44 45/45 46/46
f 46/46 47/47 44/44
f 48/48 49/49 50/50
f 50/50 51/51 48/48
f 52/52 53/53 54/54
f 54/54 55/55 52/52
f 56/56 57/57 58/58
f 58/58 59/59 56/56
f 60/60 61/61 62/62
f 62/62 63/63 60/60
f 64/64 65/65 66/66
f 66/66 67/67 64/64
f 68/68 52/52 55/55
f 55/55 69/69 68/68
f 70/70 68/68 69/69
f 69/69 71/71 70/70
f 72/72 70/70 71/71
f 71/71 73/73 72/72
f 74/74 72/72 73/73
f 73/73 75/75 74/74
f 76/76 56/56 59/59
f 59/59 77/77 76/76
f 78/78 76/76 77/77
f 77/77 79/79 78/78
f 80/80 78/78 79/79
f 79/79 81/81 80/80
f 82/82 80/80 81/81
f 81/81 83/83 82/82
f 84/84 60/60 63/63
f 63/63 85/85 84/84
f 86/86 84/84 85/85
f 85/85 87/87 86/86
f 88/88 86/86 87/87
f 87/87 89/89 88/88
f 90/90 88/88 89/89
f 89/89 91/91 90/90
f 92/92 64/64 67/67
f 67/67 93/93 92/92
f 94/94 92/92 93/93
f 93/93 95/95 94/94
f 96/96 94/94 95/95
f 95/95 97/97 96/96
f 98/98 96/96 97/97
f 97/97 99/99 98/98
f 100/100 101/101 102/102
f 102/102 103/103 100/100
f 104/104 105/105 106/106
f 106/106 107/107 104/104
f 108/108 109/109 110/110
f 111/111 108/108 110/110
f 111/111 110/110 112/112
f 111/111 112/112 113/113
f 114/114 115/115 116/116
f 116/116 117/117 114/114
f 118/118 119/119 120/120
f 120/120 121/121 118/118
f 122/122 123/123 124/124
f 124/124 125/125 122/122
f 126/126 127/127 128/128
f 128/128 129/129 126/126
f 130/130 131/131 132/132
f 132/132 133/133 130/130
f 134/134 135/135 136/136
f 136/136 137/137 134/134
f 138/138 139/139 140/140
f 140/140 141/141 138/138
f 142/142 143/143 144/144
f 144/144 145/145 142/142
f 146/146 147/147 148/148
f 148/148 149/149 146/146
f 150/150 151/151 152/152
f 152/152 153/153 154/154
f 154/154 155/155 156/156
f 152/152 154/154 156/156
f 150/150 152/152 156/156
f 150/150 156/156 157/157
f 158/158 150/150 157/157
f 159/159 160/160 161/161
f 162/162 163/163 164/164
f 161/161 162/162 164/164
f 159/159 161/161 164/164
f 164/164 165/165 166/166
f 159/159 164/164 166/166
f 167/167 159/159 166/166
f 168/168 169/169 170/170
f 170/170 171/171 168/168
f 172/172 173/173 174/174
f 174/174 175/175 172/172
f 176/176 177/177 178/178
f 178/178 179/179 176/176
f 180/180 181/181 182/182
f 182/182 183/183 180/180
f 184/184 185/185 169/169
f 169/169 168/168 184/184
f 186/186 187/187 185/185
f 185/185 184/184 186/186
f 186/186 188/188 189/189
f 189/189 187/187 186/186
f 188/188 121/121 120/120
f 120/120 189/189 188/188
f 190/190 172/172 175/175
f 175/175 191/191 190/190
f 192/192 190/190 191/191
f 191/191 193/193 192/192
f 194/194 192/192 193/193
f 193/193 195/195 194/194
f 123/123 194/194 195/195
f 195/195 124/124 123/123
f 177/177 196/196 197/197
f 197/197 178/178 177/177
f 196/196 198/198 199/199
f 199/199 197/197 196/196
f 200/200 201/201 199/199
f 199/199 198/198 200/200
f 126/126 129/129 201/201
f 201/201 200/200 126/126
f 202/202 180/180 183/183
f 183/183 203/203 202/202
f 204/204 202/202 203/203
f 203/203 205/205 204/204
f 206/206 204/204 205/205
f 205/205 207/207 206/206
f 131/131 206/206 207/207
f 207/207 132/132 131/131
f 208/208 209/209 119/119
f 119/119 118/118 208/208
f 210/210 122/122 125/125
f 125/125 211/211 210/210
f 127/127 212/212 213/213
f 213/213 128/128 127/127
f 214/214 130/130 133/133
f 133/133 215/215 214/214
f 216/216 217/217 209/209
f 209/209 208/208 216/216
f 218/218 219/219 217/217
f 217/217 216/216 218/218
f 218/218 220/220 221/221
f 221/221 219/219 218/218
f 220/220 134/134 137/137
f 137/137 221/221 220/220
f 222/222 210/210 211/211
f 211/211 223/223 222/222
f 224/224 222/222 223/223
f 223/223 225/225 224/224
f 226/226 224/224 225/225
f 225/225 227/227 226/226
f 140/140 226/226 227/227
f 227/227 141/141 140/140
f 212/212 228/228 229/229
f 229/229 213/213 212/212
f 230/230 231/231 229/229
f 229/229 228/228 230/230
f 232/232 233/233 231/231
f 231/231 230/230 232/232
f 145/145 144/144 233/233
f 233/233 232/232 145/145
f 234/234 214/214 215/215
f 215/215 235/235 234/234
f 236/236 234/234 235/235
f 235/235 237/237 236/236
f 238/238 236/236 237/237
f 237/237 239/239 238/238
f 148/148 238/238 239/239
f 239/239 149/149 148/148
f 240/240 241/241 242/242
f 242/242 243/243 240/240
f 244/244 245/245 246/246
f 246/246 247/247 244/244
f 248/248 249/249 250/250
f 250/250 251/251 248/248
f 247/247 246/246 252/252
f 252/252 253/253 247/247
f 254/254 255/255 241/241
f 241/241 240/240 254/254
f 256/256 257/257 255/255
f 255/255 254/254 256/256
f 258/258 259/259 257/257
f 257/257 256/256 258/258
f 253/253 252/252 259/259
f 259/259 258/258 253/253
f 245/245 244/244 260/260
f 260/260 261/261 245/245
f 262/262 263/263 264/264
f 264/264 265/265 262/262
f 266/266 267/267 263/263
f 263/263 262/262 266/266
f 268/268 269/269 267/267
f 267/267 266/266 268/268
f 261/261 260/260 269/269
f 269/269 268/268 261/261
f 116/116 115/115 100/100
f 100/100 103/103 116/116
f 121/121 131/131 130/130
f 130/130 118/118 121/121
f 148/148 147/147 135/135
f 135/135 134/134 148/148
f 131/131 121/121 188/188
f 188/188 206/206 131/131
f 180/180 168/168 171/171
f 171/171 181/181 180/180
f 202/202 184/184 168/168
f 168/168 180/180 202/202
f 204/204 186/186 184/184
f 184/184 202/202 204/204
f 206/206 188/188 186/186
f 186/186 204/204 206/206
f 148/148 134/134 220/220
f 220/220 238/238 148/148
f 214/214 208/208 118/118
f 118/118 130/130 214/214
f 234/234 216/216 208/208
f 208/208 214/214 234/234
f 236/236 218/218 216/216
f 216/216 234/234 236/236
f 238/238 220/220 218/218
f 218/218 236/236 238/238
f 270/270 271/271 105/105
f 105/105 173/173 270/270
f 122/122 272/272 273/273
f 273/273 123/123 122/122
f 274/274 275/275 276/276
f 276/276 277/277 274/274
f 123/123 273/273 278/278
f 278/278 194/194 123/123
f 172/172 279/279 270/270
f 270/270 173/173 172/172
f 190/190 280/280 279/279
f 279/279 172/172 190/190
f 192/192 281/281 280/280
f 280/280 190/190 192/192
f 194/194 278/278 281/281
f 281/281 192/192 194/194
f 272/272 122/122 210/210
f 210/210 282/282 272/272
f 283/283 226/226 140/140
f 140/140 284/284 283/283
f 285/285 224/224 226/226
f 226/226 283/283 285/285
f 286/286 222/222 224/224
f 224/224 285/285 286/286
f 282/282 210/210 222/222
f 222/222 286/286 282/282
f 182/182 114/114 287/287
f 287/287 288/288 182/182
f 289/289 133/133 132/132
f 132/132 290/290 289/289
f 291/291 292/292 293/293
f 293/293 294/294 291/291
f 290/290 132/132 207/207
f 207/207 295/295 290/290
f 296/296 183/183 182/182
f 182/182 288/288 296/296
f 297/297 203/203 183/183
f 183/183 296/296 297/297
f 298/298 205/205 203/203
f 203/203 297/297 298/298
f 295/295 207/207 205/205
f 205/205 298/298 295/295
f 299/299 149/149 239/239
f 239/239 300/300 299/299
f 301/301 215/215 133/133
f 133/133 289/289 301/301
f 302/302 235/235 215/215
f 215/215 301/301 302/302
f 303/303 237/237 235/235
f 235/235 302/302 303/303
f 300/300 239/239 237/237
f 237/237 303/303 300/300
f 304/304 305/305 306/306
f 306/306 307/307 304/304
f 308/308 309/309 310/310
f 310/310 311/311 308/308
f 312/312 313/313 314/314
f 314/314 315/315 312/312
f 316/316 317/317 305/305
f 305/305 304/304 316/316
f 318/318 319/319 317/317
f 317/317 316/316 318/318
f 320/320 321/321 319/319
f 319/319 318/318 320/320
f 322/322 321/321 320/320
f 320/320 323/323 322/322
f 310/310 322/322 323/323
f 323/323 311/311 310/310
f 324/324 325/325 309/309
f 309/309 308/308 324/324
f 326/326 327/327 325/325
f 325/325 324/324 326/326
f 328/328 327/327 326/326
f 326/326 329/329 328/328
f 330/330 328/328 329/329
f 329/329 331/331 330/330
f 332/332 330/330 331/331
f 331/331 333/333 332/332
f 334/334 335/335 336/336
f 336/336 337/337 334/334
f 338/338 339/339 340/340
f 340/340 341/341 338/338
f 342/342 343/343 344/344
f 344/344 345/345 342/342
f 343/343 346/346 347/347
f 347/347 344/344 343/343
f 346/346 348/348 349/349
f 349/349 347/347 346/346
f 348/348 350/350 351/351
f 351/351 349/349 348/348
f 350/350 352/352 353/353
f 353/353 351/351 350/350
f 352/352 354/354 355/355
f 355/355 353/353 352/352
f 354/354 356/356 357/357
f 357/357 355/355 354/354
f 356/356 358/358 359/359
f 359/359 357/357 356/356
f 358/358 360/360 361/361
f 361/361 359/359 358/358
f 360/360 362/362 363/363
f 363/363 361/361 360/360
f 362/362 364/364 365/365
f 365/365 363/363 362/362
f 364/364 366/366 367/367
f 367/367 365/365 364/364
f 162/162 161/161 368/368
f 368/368 369/369 162/162
f 161/161 160/160 370/370
f 370/370 368/368 161/161
f 371/371 249/249 248/248
f 248/248 372/372 371/371
f 141/141 227/227 262/262
f 262/262 265/265 141/141
f 227/227 225/225 266/266
f 266/266 262/262 227/227
f 225/225 223/223 268/268
f 268/268 266/266 225/225
f 223/223 211/211 261/261
f 261/261 268/268 223/223
f 211/211 125/125 245/245
f 245/245 261/261 211/211
f 125/125 124/124 246/246
f 246/246 245/245 125/125
f 124/124 195/195 252/252
f 252/252 246/246 124/124
f 195/195 193/193 259/259
f 259/259 252/252 195/195
f 193/193 191/191 257/257
f 257/257 259/259 193/193
f 191/191 175/175 255/255
f 255/255 257/257 191/191
f 175/175 174/174 241/241
f 241/241 255/255 175/175
f 174/174 104/104 242/242
f 242/242 241/241 174/174
f 373/373 334/334 337/337
f 337/337 374/374 373/373
f 375/375 376/376 377/377
f 377/377 378/378 375/375
f 372/372 277/277 276/276
f 276/276 371/371 372/372
f 379/379 380/380 381/381
f 381/381 382/382 383/383
f 379/379 381/381 383/383
f 384/384 379/379 383/383
f 291/291 385/385 386/386
f 386/386 292/292 291/291
f 249/249 387/387 388/388
f 388/388 250/250 249/249
f 385/385 376/376 375/375
f 375/375 386/386 385/385
f 389/389 139/139 276/276
f 276/276 275/275 389/389
f 146/146 390/390 293/293
f 293/293 292/292 146/146
f 313/313 391/391 392/392
f 392/392 314/314 313/313
f 393/393 394/394 395/395
f 395/395 396/396 393/393
f 138/138 387/387 249/249
f 249/249 371/371 138/138
f 171/171 170/170 101/101
f 101/101 100/100 171/171
f 174/174 173/173 105/105
f 105/105 104/104 174/174
f 182/182 181/181 115/115
f 115/115 114/114 182/182
f 397/397 398/398 243/243
f 243/243 242/242 397/397
f 181/181 171/171 100/100
f 100/100 115/115 181/181
f 399/399 106/106 105/105
f 105/105 271/271 399/399
f 117/117 400/400 287/287
f 287/287 114/114 117/117
f 401/401 402/402 307/307
f 307/307 306/306 401/401
f 342/342 345/345 339/339
f 339/339 338/338 342/342
f 107/107 397/397 242/242
f 242/242 104/104 107/107
f 403/403 404/404 405/405
f 405/405 406/406 403/403
f 382/382 381/381 407/407
f 407/407 408/408 382/382
f 409/409 410/410 411/411
f 411/411 412/412 409/409
f 413/413 409/409 412/412
f 412/412 414/414 413/413
f 415/415 413/413 414/414
f 414/414 416/416 415/415
f 417/417 418/418 415/415
f 415/415 416/416 417/417
f 405/405 404/404 418/418
f 418/418 417/417 405/405
f 419/419 403/403 406/406
f 406/406 420/420 419/419
f 421/421 419/419 420/420
f 420/420 422/422 421/421
f 423/423 421/421 422/422
f 422/422 424/424 423/423
f 425/425 426/426 423/423
f 423/423 424/424 425/425
f 427/427 428/428 426/426
f 426/426 425/425 427/427
f 410/410 112/112 110/110
f 110/110 411/411 410/410
f 429/429 430/430 431/431
f 432/432 433/433 434/434
f 406/406 405/405 129/129
f 129/129 128/128 406/406
f 233/233 425/425 424/424
f 424/424 231/231 233/233
f 229/229 231/231 424/424
f 424/424 422/422 229/229
f 213/213 229/229 422/422
f 422/422 420/420 213/213
f 128/128 213/213 420/420
f 420/420 406/406 128/128
f 417/417 201/201 129/129
f 129/129 405/405 417/417
f 417/417 416/416 199/199
f 199/199 201/201 417/417
f 416/416 414/414 197/197
f 197/197 199/199 416/416
f 414/414 412/412 178/178
f 178/178 197/197 414/414
f 435/435 436/436 437/437
f 435/435 437/437 438/438
f 439/439 435/435 438/438
f 440/440 441/441 442/442
f 442/442 443/443 440/440
f 444/444 445/445 446/446
f 446/446 447/447 444/444
f 448/448 449/449 450/450
f 450/450 451/451 448/448
f 439/439 438/438 452/452
f 452/452 453/453 439/439
f 454/454 455/455 456/456
f 456/456 457/457 454/454
f 458/458 459/459 460/460
f 460/460 461/461 458/458
f 462/462 463/463 464/464
f 464/464 465/465 462/462
f 466/466 467/467 463/463
f 463/463 462/462 466/466
f 468/468 469/469 470/470
f 470/470 471/471 468/468
f 457/457 456/456 472/472
f 472/472 473/473 457/457
f 36/36 474/474 475/475
f 475/475 37/37 36/36
f 49/49 476/476 477/477
f 477/477 50/50 49/49
f 42/42 478/478 479/479
f 479/479 43/43 42/42
f 480/480 481/481 482/482
f 482/482 483/483 480/480
f 484/484 36/36 39/39
f 39/39 485/485 484/484
f 484/484 486/486 474/474
f 474/474 36/36 484/484
f 487/487 484/484 485/485
f 485/485 488/488 487/487
f 489/489 487/487 488/488
f 488/488 490/490 489/489
f 491/491 489/489 490/490
f 490/490 492/492 491/491
f 50/50 491/491 492/492
f 492/492 51/51 50/50
f 487/487 493/493 486/486
f 486/486 484/484 487/487
f 489/489 494/494 493/493
f 493/493 487/487 489/489
f 491/491 495/495 494/494
f 494/494 489/489 491/491
f 50/50 477/477 495/495
f 495/495 491/491 50/50
f 496/496 54/54 53/53
f 53/53 497/497 496/496
f 58/58 57/57 498/498
f 498/498 499/499 58/58
f 62/62 61/61 500/500
f 62/62 500/500 501/501
f 62/62 501/501 502/502
f 503/503 62/62 502/502
f 66/66 65/65 504/504
f 504/504 505/505 66/66
f 506/506 507/507 508/508
f 508/508 509/509 506/506
f 2/2 496/496 497/497
f 497/497 3/3 2/2
f 505/505 504/504 24/24
f 24/24 23/23 505/505
f 499/499 498/498 507/507
f 507/507 506/506 499/499
f 510/510 511/511 512/512
f 512/512 513/513 510/510
f 514/514 510/510 513/513
f 513/513 515/515 514/514
f 508/508 514/514 515/515
f 515/515 509/509 508/508
f 516/516 26/26 25/25
f 25/25 517/517 516/516
f 518/518 516/516 517/517
f 517/517 519/519 518/518
f 45/45 518/518 519/519
f 519/519 46/46 45/45
f 501/501 500/500 11/11
f 11/11 16/16 501/501
f 17/17 18/18 503/503
f 503/503 502/502 17/17
f 520/520 521/521 522/522
f 522/522 523/523 520/520
f 524/524 525/525 526/526
f 526/526 527/527 524/524
f 528/528 529/529 530/530
f 530/530 531/531 528/528
f 532/532 533/533 534/534
f 534/534 535/535 532/532
f 446/446 536/536 537/537
f 446/446 537/537 538/538
f 446/446 538/538 447/447
f 539/539 540/540 541/541
f 541/541 542/542 539/539
f 543/543 544/544 545/545
f 545/545 546/546 543/543
f 547/547 548/548 549/549
f 549/549 550/550 547/547
f 551/551 552/552 456/456
f 456/456 455/455 551/551
f 553/553 554/554 460/460
f 460/460 459/459 553/553
f 555/555 556/556 464/464
f 464/464 463/463 555/555
f 557/557 555/555 463/463
f 463/463 467/467 557/557
f 558/558 559/559 470/470
f 470/470 469/469 558/558
f 552/552 560/560 472/472
f 472/472 456/456 552/552
f 561/561 562/562 563/563
f 563/563 564/564 561/561
f 565/565 566/566 567/567
f 567/567 568/568 565/565
f 569/569 570/570 567/567
f 567/567 566/566 569/569
f 571/571 572/572 573/573
f 573/573 574/574 571/571
f 575/575 576/576 577/577
f 577/577 578/578 575/575
f 576/576 579/579 580/580
f 580/580 577/577 576/576
f 579/579 581/581 582/582
f 582/582 580/580 579/579
f 581/581 583/583 584/584
f 584/584 582/582 581/581
f 583/583 585/585 586/586
f 586/586 584/584 583/583
f 585/585 561/561 564/564
f 564/564 586/586 585/585
f 587/587 588/588 589/589
f 589/589 590/590 587/587
f 565/565 568/568 591/591
f 591/591 592/592 565/565
f 48/48 51/51 593/593
f 593/593 594/594 48/48
f 51/51 492/492 595/595
f 595/595 593/593 51/51
f 492/492 490/490 596/596
f 596/596 595/595 492/492
f 490/490 488/488 597/597
f 597/597 596/596 490/490
f 488/488 485/485 598/598
f 598/598 597/597 488/488
f 485/485 39/39 599/599
f 599/599 598/598 485/485
f 39/39 38/38 600/600
f 600/600 599/599 39/39
f 573/573 572/572 601/601
f 601/601 602/602 573/573
f 603/603 604/604 605/605
f 605/605 606/606 603/603
f 604/604 607/607 608/608
f 608/608 605/605 604/604
f 607/607 609/609 610/610
f 610/610 608/608 607/607
f 609/609 611/611 612/612
f 612/612 610/610 609/609
f 611/611 613/613 614/614
f 614/614 612/612 611/611
f 613/613 587/587 590/590
f 590/590 614/614 613/613
f 588/588 615/615 616/616
f 616/616 617/617 588/588
f 618/618 619/619 616/616
f 616/616 615/615 618/618
f 49/49 48/48 620/620
f 620/620 621/621 49/49
f 48/48 594/594 622/622
f 622/622 620/620 48/48
f 563/563 562/562 623/623
f 623/623 624/624 563/563
f 589/589 588/588 617/617
f 617/617 625/625 589/589
f 135/135 375/375 378/378
f 378/378 136/136 135/135
f 371/371 276/276 139/139
f 139/139 138/138 371/371
f 384/384 383/383 143/143
f 143/143 142/142 384/384
f 292/292 386/386 147/147
f 147/147 146/146 292/292
f 147/147 386/386 375/375
f 375/375 135/135 147/147
f 366/366 396/396 395/395
f 395/395 367/367 366/366
f 387/387 265/265 264/264
f 264/264 388/388 387/387
f 284/284 140/140 139/139
f 139/139 389/389 284/284
f 149/149 299/299 390/390
f 390/390 146/146 149/149
f 391/391 332/332 333/333
f 333/333 392/392 391/391
f 141/141 265/265 387/387
f 387/387 138/138 141/141
f 428/428 427/427 408/408
f 408/408 407/407 428/428
f 626/626 627/627 628/628
f 628/628 629/629 626/626
f 630/630 626/626 629/629
f 629/629 631/631 630/630
f 632/632 633/633 634/634
f 634/634 635/635 632/632
f 636/636 637/637 638/638
f 638/638 639/639 636/636
f 550/550 640/640 641/641
f 641/641 547/547 550/550
f 642/642 643/643 644/644
f 644/644 645/645 642/642
f 646/646 647/647 648/648
f 648/648 649/649 646/646
f 541/541 540/540 650/650
f 650/650 651/651 541/541
f 652/652 650/650 540/540
f 540/540 653/653 652/652
f 653/653 540/540 539/539
f 539/539 654/654 653/653
f 655/655 544/544 543/543
f 543/543 656/656 655/655
f 657/657 548/548 547/547
f 547/547 658/658 657/657
f 659/659 660/660 639/639
f 639/639 661/661 659/659
f 662/662 645/645 644/644
f 644/644 663/663 662/662
f 664/664 652/652 653/653
f 653/653 665/665 664/664
f 628/628 664/664 665/665
f 665/665 629/629 628/628
f 665/665 653/653 654/654
f 654/654 666/666 665/665
f 629/629 665/665 666/666
f 666/666 631/631 629/629
f 667/667 655/655 656/656
f 656/656 668/668 667/667
f 634/634 667/667 668/668
f 668/668 635/635 634/634
f 669/669 657/657 658/658
f 658/658 661/661 669/669
f 638/638 669/669 661/661
f 661/661 639/639 638/638
f 670/670 659/659 661/661
f 661/661 658/658 670/670
f 641/641 670/670 658/658
f 658/658 547/547 641/641
f 671/671 662/662 663/663
f 663/663 672/672 671/671
f 646/646 671/671 672/672
f 672/672 647/647 646/646
f 673/673 442/442 441/441
f 441/441 674/674 673/673
f 675/675 446/446 445/445
f 445/445 676/676 675/675
f 677/677 450/450 449/449
f 449/449 678/678 677/677
f 679/679 452/452 438/438
f 438/438 680/680 679/679
f 680/680 438/438 437/437
f 437/437 681/681 680/680
f 682/682 536/536 446/446
f 446/446 675/675 682/682
f 683/683 673/673 674/674
f 674/674 684/684 683/683
f 648/648 683/683 684/684
f 684/684 649/649 648/648
f 685/685 675/675 676/676
f 676/676 686/686 685/685
f 541/541 685/685 686/686
f 686/686 542/542 541/541
f 687/687 677/677 678/678
f 678/678 688/688 687/687
f 545/545 687/687 688/688
f 688/688 546/546 545/545
f 689/689 679/679 680/680
f 680/680 690/690 689/689
f 549/549 689/689 690/690
f 690/690 550/550 549/549
f 690/690 680/680 681/681
f 681/681 691/691 690/690
f 550/550 690/690 691/691
f 691/691 640/640 550/550
f 692/692 682/682 675/675
f 675/675 685/685 692/692
f 651/651 692/692 685/685
f 685/685 541/541 651/651
f 571/571 574/574 693/693
f 693/693 694/694 571/571
f 49/49 621/621 695/695
f 695/695 476/476 49/49
f 639/639 660/660 696/696
f 696/696 636/636 639/639
f 697/697 698/698 699/699
f 700/700 697/697 699/699
f 701/701 700/700 699/699
f 699/699 702/702 703/703
f 701/701 699/699 703/703
f 701/701 703/703 704/704
f 701/701 704/704 705/705
f 706/706 701/701 705/705
f 707/707 708/708 709/709
f 710/710 707/707 709/709
f 711/711 710/710 709/709
f 711/711 709/709 712/712
f 711/711 712/712 713/713
f 711/711 713/713 714/714
f 711/711 714/714 715/715
f 711/711 715/715 716/716
f 711/711 716/716 717/717
f 718/718 711/711 717/717
f 719/719 720/720 721/721
f 721/721 722/722 719/719
f 723/723 724/724 725/725
f 726/726 727/727 728/728
f 729/729 726/726 728/728
f 730/730 729/729 728/728
f 731/731 730/730 728/728
f 725/725 731/731 728/728
f 723/723 725/725 728/728
f 732/732 733/733 734/734
f 734/734 735/735 732/732
f 736/736 737/737 738/738
f 738/738 739/739 736/736
f 740/740 741/741 742/742
f 742/742 743/743 740/740
f 744/744 745/745 746/746
f 746/746 747/747 744/744
f 748/748 749/749 750/750
f 750/750 751/751 748/748
f 752/752 753/753 754/754
f 754/754 755/755 752/752
f 756/756 757/757 758/758
f 758/758 759/759 756/756
f 760/760 761/761 762/762
f 762/762 763/763 760/760
f 764/764 765/765 749/749
f 749/749 748/748 764/764
f 766/766 767/767 765/765
f 765/765 764/764 766/766
f 768/768 769/769 767/767
f 767/767 766/766 768/768
f 770/770 771/771 769/769
f 769/769 768/768 770/770
f 772/772 773/773 753/753
f 753/753 752/752 772/772
f 774/774 775/775 773/773
f 773/773 772/772 774/774
f 776/776 777/777 775/775
f 775/775 774/774 776/776
f 778/778 779/779 777/777
f 777/777 776/776 778/778
f 780/780 781/781 757/757
f 757/757 756/756 780/780
f 782/782 783/783 781/781
f 781/781 780/780 782/782
f 784/784 785/785 783/783
f 783/783 782/782 784/784
f 786/786 787/787 785/785
f 785/785 784/784 786/786
f 788/788 789/789 761/761
f 761/761 760/760 788/788
f 790/790 791/791 789/789
f 789/789 788/788 790/790
f 792/792 793/793 791/791
f 791/791 790/790 792/792
f 794/794 795/795 793/793
f 793/793 792/792 794/794
f 796/796 797/797 798/798
f 798/798 799/799 796/796
f 800/800 801/801 802/802
f 802/802 803/803 800/800
f 804/804 805/805 806/806
f 804/804 806/806 807/807
f 807/807 808/808 809/809
f 804/804 807/807 809/809
f 810/810 811/811 812/812
f 812/812 813/813 810/810
f 814/814 815/815 816/816
f 816/816 817/817 814/814
f 818/818 819/819 820/820
f 820/820 821/821 818/818
f 822/822 823/823 824/824
f 824/824 825/825 822/822
f 826/826 827/827 828/828
f 828/828 829/829 826/826
f 830/830 831/831 832/832
f 832/832 833/833 830/830
f 834/834 835/835 836/836
f 836/836 837/837 834/834
f 838/838 839/839 840/840
f 840/840 841/841 838/838
f 842/842 843/843 844/844
f 844/844 845/845 842/842
f 846/846 847/847 848/848
f 848/848 849/849 850/850
f 846/846 848/848 850/850
f 850/850 851/851 852/852
f 846/846 850/850 852/852
f 853/853 846/846 852/852
f 854/854 853/853 852/852
f 855/855 856/856 857/857
f 857/857 858/858 859/859
f 857/857 859/859 860/860
f 860/860 861/861 862/862
f 857/857 860/860 862/862
f 855/855 857/857 862/862
f 863/863 855/855 862/862
f 864/864 865/865 866/866
f 866/866 867/867 864/864
f 868/868 869/869 870/870
f 870/870 871/871 868/868
f 872/872 873/873 874/874
f 874/874 875/875 872/872
f 876/876 877/877 878/878
f 878/878 879/879 876/876
f 880/880 864/864 867/867
f 867/867 881/881 880/880
f 882/882 880/880 881/881
f 881/881 883/883 882/882
f 882/882 883/883 884/884
f 884/884 885/885 882/882
f 885/885 884/884 816/816
f 816/816 815/815 885/885
f 886/886 887/887 869/869
f 869/869 868/868 886/886
f 888/888 889/889 887/887
f 887/887 886/886 888/888
f 890/890 891/891 889/889
f 889/889 888/888 890/890
f 821/821 820/820 891/891
f 891/891 890/890 821/821
f 875/875 874/874 892/892
f 892/892 893/893 875/875
f 893/893 892/892 894/894
f 894/894 895/895 893/893
f 896/896 895/895 894/894
f 894/894 897/897 896/896
f 822/822 896/896 897/897
f 897/897 823/823 822/822
f 898/898 899/899 877/877
f 877/877 876/876 898/898
f 900/900 901/901 899/899
f 899/899 898/898 900/900
f 902/902 903/903 901/901
f 901/901 900/900 902/902
f 829/829 828/828 903/903
f 903/903 902/902 829/829
f 904/904 814/814 817/817
f 817/817 905/905 904/904
f 906/906 907/907 819/819
f 819/819 818/818 906/906
f 825/825 824/824 908/908
f 908/908 909/909 825/825
f 910/910 911/911 827/827
f 827/827 826/826 910/910
f 912/912 904/904 905/905
f 905/905 913/913 912/912
f 914/914 912/912 913/913
f 913/913 915/915 914/914
f 914/914 915/915 916/916
f 916/916 917/917 914/914
f 917/917 916/916 831/831
f 831/831 830/830 917/917
f 918/918 919/919 907/907
f 907/907 906/906 918/918
f 920/920 921/921 919/919
f 919/919 918/918 920/920
f 922/922 923/923 921/921
f 921/921 920/920 922/922
f 836/836 835/835 923/923
f 923/923 922/922 836/836
f 909/909 908/908 924/924
f 924/924 925/925 909/909
f 926/926 925/925 924/924
f 924/924 927/927 926/926
f 928/928 926/926 927/927
f 927/927 929/929 928/928
f 839/839 928/928 929/929
f 929/929 840/840 839/839
f 930/930 931/931 911/911
f 911/911 910/910 930/930
f 932/932 933/933 931/931
f 931/931 930/930 932/932
f 934/934 935/935 933/933
f 933/933 932/932 934/934
f 844/844 843/843 935/935
f 935/935 934/934 844/844
f 936/936 937/937 938/938
f 938/938 939/939 936/936
f 940/940 941/941 942/942
f 942/942 943/943 940/940
f 944/944 945/945 946/946
f 946/946 947/947 944/944
f 941/941 948/948 949/949
f 949/949 942/942 941/941
f 950/950 936/936 939/939
f 939/939 951/951 950/950
f 952/952 950/950 951/951
f 951/951 953/953 952/952
f 954/954 952/952 953/953
f 953/953 955/955 954/954
f 948/948 954/954 955/955
f 955/955 949/949 948/948
f 943/943 956/956 957/957
f 957/957 940/940 943/943
f 958/958 959/959 960/960
f 960/960 961/961 958/958
f 962/962 958/958 961/961
f 961/961 963/963 962/962
f 964/964 962/962 963/963
f 963/963 965/965 964/964
f 956/956 964/964 965/965
f 965/965 957/957 956/956
f 812/812 797/797 796/796
f 796/796 813/813 812/812
f 815/815 814/814 826/826
f 826/826 829/829 815/815
f 844/844 830/830 833/833
f 833/833 845/845 844/844
f 829/829 902/902 885/885
f 885/885 815/815 829/829
f 876/876 879/879 865/865
f 865/865 864/864 876/876
f 898/898 876/876 864/864
f 864/864 880/880 898/898
f 900/900 898/898 880/880
f 880/880 882/882 900/900
f 902/902 900/900 882/882
f 882/882 885/885 902/902
f 844/844 934/934 917/917
f 917/917 830/830 844/844
f 910/910 826/826 814/814
f 814/814 904/904 910/910
f 930/930 910/910 904/904
f 904/904 912/912 930/930
f 932/932 930/930 912/912
f 912/912 914/914 932/932
f 934/934 932/932 914/914
f 914/914 917/917 934/934
f 966/966 871/871 803/803
f 803/803 967/967 966/966
f 818/818 821/821 968/968
f 968/968 969/969 818/818
f 970/970 971/971 972/972
f 972/972 973/973 970/970
f 821/821 890/890 974/974
f 974/974 968/968 821/821
f 868/868 871/871 966/966
f 966/966 975/975 868/868
f 886/886 868/868 975/975
f 975/975 976/976 886/886
f 888/888 886/886 976/976
f 976/976 977/977 888/888
f 890/890 888/888 977/977
f 977/977 974/974 890/890
f 969/969 978/978 906/906
f 906/906 818/818 969/969
f 979/979 980/980 836/836
f 836/836 922/922 979/979
f 981/981 979/979 922/922
f 922/922 920/920 981/981
f 982/982 981/981 920/920
f 920/920 918/918 982/982
f 978/978 982/982 918/918
f 918/918 906/906 978/978
f 983/983 984/984 806/806
f 806/806 985/985 983/983
f 986/986 987/987 988/988
f 988/988 989/989 986/986
f 990/990 991/991 992/992
f 992/992 993/993 990/990
f 987/987 994/994 995/995
f 995/995 988/988 987/987
f 996/996 984/984 983/983
f 983/983 997/997 996/996
f 998/998 996/996 997/997
f 997/997 999/999 998/998
f 1000/1000 998/998 999/999
f 999/999 1001/1001 1000/1000
f 994/994 1000/1000 1001/1001
f 1001/1001 995/995 994/994
f 1002/1002 1003/1003 1004/1004
f 1004/1004 1005/1005 1002/1002
f 1006/1006 986/986 989/989
f 989/989 1007/1007 1006/1006
f 1008/1008 1006/1006 1007/1007
f 1007/1007 1009/1009 1008/1008
f 1010/1010 1008/1008 1009/1009
f 1009/1009 1011/1011 1010/1010
f 1003/1003 1010/1010 1011/1011
f 1011/1011 1004/1004 1003/1003
f 1012/1012 1013/1013 1014/1014
f 1014/1014 1015/1015 1012/1012
f 1016/1016 1017/1017 1018/1018
f 1018/1018 1019/1019 1016/1016
f 1020/1020 1021/1021 1022/1022
f 1022/1022 1023/1023 1020/1020
f 1024/1024 1012/1012 1015/1015
f 1015/1015 1025/1025 1024/1024
f 1026/1026 1024/1024 1025/1025
f 1025/1025 1027/1027 1026/1026
f 1028/1028 1026/1026 1027/1027
f 1027/1027 1029/1029 1028/1028
f 1030/1030 1031/1031 1028/1028
f 1028/1028 1029/1029 1030/1030
f 1018/1018 1017/1017 1031/1031
f 1031/1031 1030/1030 1018/1018
f 1032/1032 1016/1016 1019/1019
f 1019/1019 1033/1033 1032/1032
f 1034/1034 1032/1032 1033/1033
f 1033/1033 1035/1035 1034/1034
f 1036/1036 1037/1037 1034/1034
f 1034/1034 1035/1035 1036/1036
f 1038/1038 1039/1039 1037/1037
f 1037/1037 1036/1036 1038/1038
f 1040/1040 1041/1041 1039/1039
f 1039/1039 1038/1038 1040/1040
f 854/854 1042/1042 1043/1043
f 1043/1043 853/853 854/854
f 1044/1044 1045/1045 1046/1046
f 1046/1046 1047/1047 1044/1044
f 1048/1048 1049/1049 1050/1050
f 1050/1050 1051/1051 1048/1048
f 1051/1051 1050/1050 1052/1052
f 1052/1052 1053/1053 1051/1051
f 1053/1053 1052/1052 1054/1054
f 1054/1054 1055/1055 1053/1053
f 1055/1055 1054/1054 1056/1056
f 1056/1056 1057/1057 1055/1055
f 1057/1057 1056/1056 1058/1058
f 1058/1058 1059/1059 1057/1057
f 1059/1059 1058/1058 1060/1060
f 1060/1060 1061/1061 1059/1059
f 1061/1061 1060/1060 1062/1062
f 1062/1062 1063/1063 1061/1061
f 1063/1063 1062/1062 1064/1064
f 1064/1064 1065/1065 1063/1063
f 1065/1065 1064/1064 1066/1066
f 1066/1066 1067/1067 1065/1065
f 1067/1067 1066/1066 1068/1068
f 1068/1068 1069/1069 1067/1067
f 1069/1069 1068/1068 1070/1070
f 1070/1070 1071/1071 1069/1069
f 1071/1071 1070/1070 1072/1072
f 1072/1072 1073/1073 1071/1071
f 859/859 1074/1074 1075/1075
f 1075/1075 860/860 859/859
f 860/860 1075/1075 1076/1076
f 1076/1076 861/861 860/860
f 1077/1077 1078/1078 944/944
f 944/944 947/947 1077/1077
f 835/835 959/959 958/958
f 958/958 923/923 835/835
f 923/923 958/958 962/962
f 962/962 921/921 923/923
f 921/921 962/962 964/964
f 964/964 919/919 921/921
f 919/919 964/964 956/956
f 956/956 907/907 919/919
f 907/907 956/956 943/943
f 943/943 819/819 907/907
f 819/819 943/943 942/942
f 942/942 820/820 819/819
f 820/820 942/942 949/949
f 949/949 891/891 820/820
f 891/891 949/949 955/955
f 955/955 889/889 891/891
f 889/889 955/955 953/953
f 953/953 887/887 889/889
f 887/887 953/953 951/951
f 951/951 869/869 887/887
f 869/869 951/951 939/939
f 939/939 870/870 869/869
f 870/870 939/939 938/938
f 938/938 800/800 870/870
f 852/852 1079/1079 1042/1042
f 1042/1042 854/854 852/852
f 1080/1080 1081/1081 1082/1082
f 1082/1082 1083/1083 1080/1080
f 1078/1078 1077/1077 972/972
f 972/972 971/971 1078/1078
f 1084/1084 1085/1085 1086/1086
f 1086/1086 1087/1087 1088/1088
f 1084/1084 1086/1086 1088/1088
f 1089/1089 1084/1084 1088/1088
f 990/990 993/993 1090/1090
f 1090/1090 1091/1091 990/990
f 947/947 946/946 1092/1092
f 1092/1092 1093/1093 947/947
f 1091/1091 1090/1090 1080/1080
f 1080/1080 1083/1083 1091/1091
f 1094/1094 973/973 972/972
f 972/972 837/837 1094/1094
f 1095/1095 1096/1096 1086/1086
f 1086/1086 1097/1097 1095/1095
f 1023/1023 1022/1022 1098/1098
f 1098/1098 1099/1099 1023/1023
f 1100/1100 1101/1101 1102/1102
f 1102/1102 1103/1103 1100/1100
f 834/834 1077/1077 947/947
f 947/947 1093/1093 834/834
f 865/865 796/796 799/799
f 799/799 866/866 865/865
f 870/870 800/800 803/803
f 803/803 871/871 870/870
f 878/878 810/810 813/813
f 813/813 879/879 878/878
f 1104/1104 938/938 937/937
f 937/937 1105/1105 1104/1104
f 879/879 813/813 796/796
f 796/796 865/865 879/879
f 1106/1106 967/967 803/803
f 803/803 802/802 1106/1106
f 1107/1107 985/985 806/806
f 806/806 805/805 1107/1107
f 1108/1108 1014/1014 1013/1013
f 1013/1013 1109/1109 1108/1108
f 1048/1048 1044/1044 1047/1047
f 1047/1047 1049/1049 1048/1048
f 801/801 800/800 938/938
f 938/938 1104/1104 801/801
f 986/986 1110/1110 1111/1111
f 1111/1111 987/987 986/986
f 1085/1085 1112/1112 1097/1097
f 1097/1097 1086/1086 1085/1085
f 996/996 1113/1113 1114/1114
f 1114/1114 984/984 996/996
f 998/998 1115/1115 1113/1113
f 1113/1113 996/996 998/998
f 1000/1000 1116/1116 1115/1115
f 1115/1115 998/998 1000/1000
f 1117/1117 1116/1116 1000/1000
f 1000/1000 994/994 1117/1117
f 1111/1111 1117/1117 994/994
f 994/994 987/987 1111/1111
f 1006/1006 1118/1118 1110/1110
f 1110/1110 986/986 1006/1006
f 1008/1008 1119/1119 1118/1118
f 1118/1118 1006/1006 1008/1008
f 1010/1010 1120/1120 1119/1119
f 1119/1119 1008/1008 1010/1010
f 1121/1121 1120/1120 1010/1010
f 1010/1010 1003/1003 1121/1121
f 1122/1122 1121/1121 1003/1003
f 1003/1003 1002/1002 1122/1122
f 984/984 1114/1114 807/807
f 807/807 806/806 984/984
f 873/873 872/872 809/809
f 809/809 1123/1123 873/873
f 1110/1110 824/824 823/823
f 823/823 1111/1111 1110/1110
f 929/929 927/927 1120/1120
f 1120/1120 1121/1121 929/929
f 924/924 1119/1119 1120/1120
f 1120/1120 927/927 924/924
f 908/908 1118/1118 1119/1119
f 1119/1119 924/924 908/908
f 824/824 1110/1110 1118/1118
f 1118/1118 908/908 824/824
f 1117/1117 1111/1111 823/823
f 823/823 897/897 1117/1117
f 1117/1117 897/897 894/894
f 894/894 1116/1116 1117/1117
f 1116/1116 894/894 892/892
f 892/892 1115/1115 1116/1116
f 1115/1115 892/892 874/874
f 874/874 1113/1113 1115/1115
f 1124/1124 1125/1125 1126/1126
f 1127/1127 1124/1124 1126/1126
f 1128/1128 1127/1127 1126/1126
f 1129/1129 1130/1130 1131/1131
f 1131/1131 1132/1132 1129/1129
f 1133/1133 1134/1134 1135/1135
f 1135/1135 1136/1136 1133/1133
f 1137/1137 1138/1138 1139/1139
f 1139/1139 1140/1140 1137/1137
f 1128/1128 1141/1141 1142/1142
f 1142/1142 1127/1127 1128/1128
f 1143/1143 1144/1144 1145/1145
f 1145/1145 1146/1146 1143/1143
f 1147/1147 1148/1148 1149/1149
f 1149/1149 1150/1150 1147/1147
f 1151/1151 1152/1152 1153/1153
f 1153/1153 1154/1154 1151/1151
f 1155/1155 1151/1151 1154/1154
f 1154/1154 1156/1156 1155/1155
f 1157/1157 1158/1158 1159/1159
f 1159/1159 1160/1160 1157/1157
f 1144/1144 1161/1161 1162/1162
f 1162/1162 1145/1145 1144/1144
f 732/732 735/735 475/475
f 475/475 474/474 732/732
f 747/747 746/746 477/477
f 477/477 476/476 747/747
f 738/738 737/737 479/479
f 479/479 478/478 738/738
f 1163/1163 1164/1164 482/482
f 482/482 481/481 1163/1163
f 1165/1165 1166/1166 733/733
f 733/733 732/732 1165/1165
f 1165/1165 732/732 474/474
f 474/474 486/486 1165/1165
f 1167/1167 1168/1168 1166/1166
f 1166/1166 1165/1165 1167/1167
f 1169/1169 1170/1170 1168/1168
f 1168/1168 1167/1167 1169/1169
f 1171/1171 1172/1172 1170/1170
f 1170/1170 1169/1169 1171/1171
f 746/746 745/745 1172/1172
f 1172/1172 1171/1171 746/746
f 1167/1167 1165/1165 486/486
f 486/486 493/493 1167/1167
f 1169/1169 1167/1167 493/493
f 493/493 494/494 1169/1169
f 1171/1171 1169/1169 494/494
f 494/494 495/495 1171/1171
f 746/746 1171/1171 495/495
f 495/495 477/477 746/746
f 1173/1173 1174/1174 751/751
f 751/751 750/750 1173/1173
f 754/754 1175/1175 1176/1176
f 1176/1176 755/755 754/754
f 1177/1177 759/759 758/758
f 1178/1178 1177/1177 758/758
f 1179/1179 1178/1178 758/758
f 1180/1180 1179/1179 758/758
f 762/762 1181/1181 1182/1182
f 1182/1182 763/763 762/762
f 1183/1183 1184/1184 1185/1185
f 1185/1185 1186/1186 1183/1183
f 702/702 699/699 1174/1174
f 1174/1174 1173/1173 702/702
f 1181/1181 719/719 722/722
f 722/722 1182/1182 1181/1181
f 1175/1175 1183/1183 1186/1186
f 1186/1186 1176/1176 1175/1175
f 1187/1187 1188/1188 1189/1189
f 1189/1189 1190/1190 1187/1187
f 1191/1191 1192/1192 1188/1188
f 1188/1188 1187/1187 1191/1191
f 1185/1185 1184/1184 1192/1192
f 1192/1192 1191/1191 1185/1185
f 1193/1193 1194/1194 721/721
f 721/721 720/720 1193/1193
f 1195/1195 1196/1196 1194/1194
f 1194/1194 1193/1193 1195/1195
f 743/743 742/742 1196/1196
f 1196/1196 1195/1195 743/743
f 1178/1178 712/712 709/709
f 709/709 1177/1177 1178/1178
f 713/713 1179/1179 1180/1180
f 1180/1180 714/714 713/713
f 1197/1197 1198/1198 522/522
f 522/522 521/521 1197/1197
f 1199/1199 1200/1200 526/526
f 526/526 525/525 1199/1199
f 1201/1201 1202/1202 530/530
f 530/530 529/529 1201/1201
f 1203/1203 1204/1204 534/534
f 534/534 533/533 1203/1203
f 1135/1135 1134/1134 1205/1205
f 1135/1135 1205/1205 1206/1206
f 1135/1135 1206/1206 1207/1207
f 1208/1208 1209/1209 1210/1210
f 1210/1210 1211/1211 1208/1208
f 1212/1212 1213/1213 1214/1214
f 1214/1214 1215/1215 1212/1212
f 1216/1216 1217/1217 1218/1218
f 1218/1218 1219/1219 1216/1216
f 551/551 1146/1146 1145/1145
f 1145/1145 552/552 551/551
f 553/553 1150/1150 1149/1149
f 1149/1149 554/554 553/553
f 555/555 1154/1154 1153/1153
f 1153/1153 556/556 555/555
f 557/557 1156/1156 1154/1154
f 1154/1154 555/555 557/557
f 558/558 1160/1160 1159/1159
f 1159/1159 559/559 558/558
f 552/552 1145/1145 1162/1162
f 1162/1162 560/560 552/552
f 1220/1220 1221/1221 1222/1222
f 1222/1222 1223/1223 1220/1220
f 1224/1224 1225/1225 1226/1226
f 1226/1226 1227/1227 1224/1224
f 569/569 1227/1227 1226/1226
f 1226/1226 570/570 569/569
f 1228/1228 1229/1229 1230/1230
f 1230/1230 1231/1231 1228/1228
f 1232/1232 1233/1233 1234/1234
f 1234/1234 1235/1235 1232/1232
f 1235/1235 1234/1234 1236/1236
f 1236/1236 1237/1237 1235/1235
f 1237/1237 1236/1236 1238/1238
f 1238/1238 1239/1239 1237/1237
f 1239/1239 1238/1238 1240/1240
f 1240/1240 1241/1241 1239/1239
f 1241/1241 1240/1240 1242/1242
f 1242/1242 1243/1243 1241/1241
f 1243/1243 1242/1242 1221/1221
f 1221/1221 1220/1220 1243/1243
f 1244/1244 1245/1245 1246/1246
f 1246/1246 1247/1247 1244/1244
f 1224/1224 1248/1248 1249/1249
f 1249/1249 1225/1225 1224/1224
f 744/744 1250/1250 1251/1251
f 1251/1251 745/745 744/744
f 745/745 1251/1251 1252/1252
f 1252/1252 1172/1172 745/745
f 1172/1172 1252/1252 1253/1253
f 1253/1253 1170/1170 1172/1172
f 1170/1170 1253/1253 1254/1254
f 1254/1254 1168/1168 1170/1170
f 1168/1168 1254/1254 1255/1255
f 1255/1255 1166/1166 1168/1168
f 1166/1166 1255/1255 1256/1256
f 1256/1256 733/733 1166/1166
f 733/733 1256/1256 1257/1257
f 1257/1257 734/734 733/733
f 1230/1230 1258/1258 1259/1259
f 1259/1259 1231/1231 1230/1230
f 1260/1260 1261/1261 1262/1262
f 1262/1262 1263/1263 1260/1260
f 1263/1263 1262/1262 1264/1264
f 1264/1264 1265/1265 1263/1263
f 1265/1265 1264/1264 1266/1266
f 1266/1266 1267/1267 1265/1265
f 1267/1267 1266/1266 1268/1268
f 1268/1268 1269/1269 1267/1267
f 1269/1269 1268/1268 1270/1270
f 1270/1270 1271/1271 1269/1269
f 1271/1271 1270/1270 1245/1245
f 1245/1245 1244/1244 1271/1271
f 1247/1247 1272/1272 1273/1273
f 1273/1273 1274/1274 1247/1247
f 618/618 1274/1274 1273/1273
f 1273/1273 619/619 618/618
f 747/747 1275/1275 1276/1276
f 1276/1276 744/744 747/747
f 744/744 1276/1276 1277/1277
f 1277/1277 1250/1250 744/744
f 1222/1222 1278/1278 1279/1279
f 1279/1279 1223/1223 1222/1222
f 1246/1246 1280/1280 1272/1272
f 1272/1272 1247/1247 1246/1246
f 833/833 832/832 1081/1081
f 1081/1081 1080/1080 833/833
f 1077/1077 834/834 837/837
f 837/837 972/972 1077/1077
f 1089/1089 838/838 841/841
f 841/841 1084/1084 1089/1089
f 993/993 842/842 845/845
f 845/845 1090/1090 993/993
f 845/845 833/833 1080/1080
f 1080/1080 1090/1090 845/845
f 1073/1073 1072/1072 1102/1102
f 1102/1102 1101/1101 1073/1073
f 1093/1093 1092/1092 960/960
f 960/960 959/959 1093/1093
f 980/980 1094/1094 837/837
f 837/837 836/836 980/980
f 1005/1005 1095/1095 1097/1097
f 1097/1097 1002/1002 1005/1005
f 1099/1099 1098/1098 1041/1041
f 1041/1041 1040/1040 1099/1099
f 835/835 834/834 1093/1093
f 1093/1093 959/959 835/835
f 1002/1002 1097/1097 1112/1112
f 1112/1112 1122/1122 1002/1002
f 626/626 1281/1281 1282/1282
f 1282/1282 627/627 626/626
f 630/630 1283/1283 1281/1281
f 1281/1281 626/626 630/630
f 632/632 1284/1284 1285/1285
f 1285/1285 633/633 632/632
f 636/636 1286/1286 1287/1287
f 1287/1287 637/637 636/636
f 1217/1217 1216/1216 1288/1288
f 1288/1288 1289/1289 1217/1217
f 642/642 1290/1290 1291/1291
f 1291/1291 643/643 642/642
f 1292/1292 1293/1293 1294/1294
f 1294/1294 1295/1295 1292/1292
f 1210/1210 1296/1296 1297/1297
f 1297/1297 1211/1211 1210/1210
f 1298/1298 1299/1299 1211/1211
f 1211/1211 1297/1297 1298/1298
f 1299/1299 1300/1300 1208/1208
f 1208/1208 1211/1211 1299/1299
f 1301/1301 1302/1302 1212/1212
f 1212/1212 1215/1215 1301/1301
f 1303/1303 1304/1304 1216/1216
f 1216/1216 1219/1219 1303/1303
f 1305/1305 1306/1306 1286/1286
f 1286/1286 1307/1307 1305/1305
f 1308/1308 1309/1309 1291/1291
f 1291/1291 1290/1290 1308/1308
f 1310/1310 1311/1311 1299/1299
f 1299/1299 1298/1298 1310/1310
f 1282/1282 1281/1281 1311/1311
f 1311/1311 1310/1310 1282/1282
f 1311/1311 1312/1312 1300/1300
f 1300/1300 1299/1299 1311/1311
f 1281/1281 1283/1283 1312/1312
f 1312/1312 1311/1311 1281/1281
f 1313/1313 1314/1314 1302/1302
f 1302/1302 1301/1301 1313/1313
f 1285/1285 1284/1284 1314/1314
f 1314/1314 1313/1313 1285/1285
f 1315/1315 1306/1306 1304/1304
f 1304/1304 1303/1303 1315/1315
f 1287/1287 1286/1286 1306/1306
f 1306/1306 1315/1315 1287/1287
f 1316/1316 1304/1304 1306/1306
f 1306/1306 1305/1305 1316/1316
f 1288/1288 1216/1216 1304/1304
f 1304/1304 1316/1316 1288/1288
f 1317/1317 1318/1318 1309/1309
f 1309/1309 1308/1308 1317/1317
f 1292/1292 1295/1295 1318/1318
f 1318/1318 1317/1317 1292/1292
f 1319/1319 1320/1320 1132/1132
f 1132/1132 1131/1131 1319/1319
f 1321/1321 1322/1322 1136/1136
f 1136/1136 1135/1135 1321/1321
f 1323/1323 1324/1324 1140/1140
f 1140/1140 1139/1139 1323/1323
f 1325/1325 1326/1326 1127/1127
f 1127/1127 1142/1142 1325/1325
f 1326/1326 1327/1327 1124/1124
f 1124/1124 1127/1127 1326/1326
f 1328/1328 1321/1321 1135/1135
f 1135/1135 1207/1207 1328/1328
f 1329/1329 1330/1330 1320/1320
f 1320/1320 1319/1319 1329/1329
f 1294/1294 1293/1293 1330/1330
f 1330/1330 1329/1329 1294/1294
f 1331/1331 1332/1332 1322/1322
f 1322/1322 1321/1321 1331/1331
f 1210/1210 1209/1209 1332/1332
f 1332/1332 1331/1331 1210/1210
f 1333/1333 1334/1334 1324/1324
f 1324/1324 1323/1323 1333/1333
f 1214/1214 1213/1213 1334/1334
f 1334/1334 1333/1333 1214/1214
f 1335/1335 1336/1336 1326/1326
f 1326/1326 1325/1325 1335/1335
f 1218/1218 1217/1217 1336/1336
f 1336/1336 1335/1335 1218/1218
f 1336/1336 1337/1337 1327/1327
f 1327/1327 1326/1326 1336/1336
f 1217/1217 1289/1289 1337/1337
f 1337/1337 1336/1336 1217/1217
f 1338/1338 1331/1331 1321/1321
f 1321/1321 1328/1328 1338/1338
f 1296/1296 1210/1210 1331/1331
f 1331/1331 1338/1338 1296/1296
f 1228/1228 694/694 693/693
f 693/693 1229/1229 1228/1228
f 747/747 476/476 695/695
f 695/695 1275/1275 747/747
f 1286/1286 636/636 696/696
f 696/696 1307/1307 1286/1286

